ev_tdlam_before,entloss,optimgain,meankl,TimeElapsed,EpRewMean,EpThisIter,TimestepsSoFar,entropy,EpLenMean,EpisodesSoFar,surrgain
0.19363462924957275,0.0,0.15834437,0.007933972,24.100590229034424,0.3440705869896991,38,1005,39.744293,26.44736842105263,38,0.15834437
0.1573096513748169,0.0,0.16699904,0.007878786,47.73487997055054,0.30152090710328955,35,2016,39.69073,28.075,73,0.16699904
0.398561954498291,0.0,0.15942276,0.0075665675,71.076331615448,0.31700816816754857,43,3054,39.65282,24.05,116,0.15942276
0.46299225091934204,0.0,0.1646483,0.007861789,103.25842666625977,0.2886972067519074,42,4095,39.6271,24.5,158,0.1646483
0.6060449182987213,0.0,0.16153829,0.0074458094,126.93587970733643,0.33674549184010505,36,5087,39.555668,26.85,194,0.16153829
0.6630236208438873,0.0,0.1675151,0.007859404,150.87547731399536,0.40726318321926736,40,6103,39.518513,25.4,234,0.1675151
0.5995208323001862,0.0,0.163084,0.007852366,175.21835613250732,0.3255756938503461,39,7093,39.50292,25.525,273,0.163084
0.6684615314006805,0.0,0.16767213,0.007555157,202.33718919754028,0.32749733603835035,39,8121,39.480953,26.375,312,0.16767213
0.5473686158657074,0.0,0.19410633,0.007906638,232.7646713256836,0.36943791793388636,36,9139,39.437313,27.6,348,0.19410633
0.5828604102134705,0.0,0.19888549,0.008053956,256.6244685649872,0.40054346708155714,38,10172,39.38573,27.1,386,0.19888549
0.7276684641838074,0.0,0.17352611,0.00819182,279.632048368454,0.4128022752700266,35,11199,39.380524,28.625,421,0.17352611
0.6679321825504303,0.0,0.18672574,0.008041203,306.0431215763092,0.4262125740454623,37,12230,39.34928,27.575,458,0.18672574
0.7088829874992371,0.0,0.17466888,0.008035535,331.81300616264343,0.4366420550313356,38,13267,39.271473,27.15,496,0.17466888
0.6590966284275055,0.0,0.195112,0.00781574,354.48038721084595,0.4632369388247605,37,14308,39.245556,27.95,533,0.195112
0.7111936509609222,0.0,0.18166617,0.0083502,377.13291335105896,0.41293106932379936,34,15336,39.188663,30.05,567,0.18166617
0.737444132566452,0.0,0.18368322,0.007569858,399.95282435417175,0.446314352205856,34,16369,39.109177,29.15,601,0.18368322
0.7727266252040863,0.0,0.17615402,0.007884257,422.5942265987396,0.48270820548052473,33,17385,39.027386,30.925,634,0.17615402
0.6965570449829102,0.0,0.17526293,0.0076772403,445.4688649177551,0.4832193555253605,34,18412,38.921375,30.525,668,0.17526293
0.6992161273956299,0.0,0.21862966,0.008253684,468.1370711326599,0.49921037520455513,33,19449,38.8354,31.125,701,0.21862966
0.765073224902153,0.0,0.19315168,0.008134849,490.74623441696167,0.5227238634403942,35,20496,38.786633,29.775,736,0.19315168
0.7550248205661774,0.0,0.21516058,0.0085526155,513.2801904678345,0.5387247410116316,33,21517,38.771988,31.225,769,0.21516058
0.8039844781160355,0.0,0.18953043,0.008690185,535.8882992267609,0.4894001930330608,32,22566,38.702686,31.775,801,0.18953043
0.7393695116043091,0.0,0.1988661,0.007865318,558.4473879337311,0.5723856018706236,32,23581,38.603363,30.875,833,0.1988661
0.7772136777639389,0.0,0.19781607,0.00831618,581.2330300807953,0.6201625641730848,30,24594,38.548832,34.15,863,0.19781607
0.7758345752954483,0.0,0.19123253,0.0080134375,603.8249025344849,0.5319462823923331,30,25613,38.48697,34.5,893,0.19123253
0.8123196214437485,0.0,0.19786528,0.00816834,626.4560639858246,0.5285432718092619,29,26618,38.453663,34.95,922,0.19786528
0.7915459871292114,0.0,0.19800466,0.008317871,649.0186858177185,0.5345276945613497,33,27612,38.409863,31.05,955,0.19800466
0.7407142221927643,0.0,0.20696123,0.0082875565,671.4149987697601,0.6569749329757248,31,28646,38.352497,32.325,986,0.20696123
0.7797064483165741,0.0,0.2126414,0.008420269,694.3081028461456,0.6036211918754791,33,29677,38.30547,31.625,1019,0.2126414
0.8047066032886505,0.0,0.20611088,0.008477351,716.8840901851654,0.6715281230958221,29,30687,38.26205,34.625,1048,0.20611088
0.7995318621397018,0.0,0.19776726,0.008537521,739.5645174980164,0.6528870330250227,30,31731,38.22929,33.525,1078,0.19776726
0.7650794237852097,0.0,0.20897241,0.008197252,762.3819561004639,0.6080124277614022,31,32735,38.207016,33.05,1109,0.20897241
0.789205864071846,0.0,0.20475224,0.008806489,784.9868080615997,0.6261534025997078,30,33763,38.185986,33.35,1139,0.20475224
0.7849757969379425,0.0,0.2085363,0.008198671,807.4548246860504,0.6899057528445256,31,34792,38.131363,33.35,1170,0.2085363
0.8019959181547165,0.0,0.226064,0.008590765,830.185215473175,0.6974501157023683,29,35849,38.077133,34.625,1199,0.226064
0.7964485138654709,0.0,0.20073126,0.008603084,852.8437702655792,0.6719482271803316,32,36879,38.031086,33.175,1231,0.20073126
0.7875547409057617,0.0,0.22837865,0.008806817,875.7451083660126,0.661283001638208,30,37895,37.98946,35.325,1261,0.22837865
0.6915350556373596,0.0,0.20872311,0.008759527,899.9354984760284,0.64652844139886,30,38940,37.92965,34.65,1291,0.20872311
0.7552748769521713,0.0,0.2247478,0.009295039,925.2213091850281,0.7018885198804788,30,39983,37.908733,35.275,1321,0.2247478
0.7398099601268768,0.0,0.2059994,0.00835016,947.5212106704712,0.7185150879219654,29,41039,37.854008,37.025,1350,0.2059994
0.7976885735988617,0.0,0.22662544,0.008872988,969.9605638980865,0.6572808165703565,31,42070,37.80339,34.1,1381,0.22662544
0.7115006148815155,0.0,0.23185915,0.008696146,992.3243811130524,0.6705871670102997,27,43104,37.78658,35.75,1408,0.23185915
0.7848547548055649,0.0,0.21192904,0.008809155,1014.7660732269287,0.6970319638139241,28,44145,37.731,40.025,1436,0.21192904
0.7970697730779648,0.0,0.21091628,0.008969513,1037.0678560733795,0.6758002412697225,32,45161,37.703445,34.25,1468,0.21091628
0.852268636226654,0.0,0.23011795,0.008855894,1059.3231492042542,0.7429709067997283,27,46184,37.67524,35.625,1495,0.23011795
0.8261425644159317,0.0,0.21494022,0.009341123,1081.7321910858154,0.7221208176550796,27,47228,37.612263,37.525,1522,0.21494022
0.8204414993524551,0.0,0.22303385,0.0083104335,1103.9741690158844,0.7641472291052717,27,48221,37.58887,37.75,1549,0.22303385
0.8433254659175873,0.0,0.22309104,0.0093990825,1126.2837941646576,0.6974570948600057,29,49264,37.552406,36.8,1578,0.22309104
0.8224488794803619,0.0,0.23894528,0.009357452,1148.6661820411682,0.7956965496981971,28,50298,37.506306,37.675,1606,0.23894528
0.8475678414106369,0.0,0.21535501,0.008789009,1170.9132187366486,0.7071743070352211,28,51302,37.465527,35.9,1634,0.21535501
0.8343336135149002,0.0,0.23664278,0.008939592,1193.24187541008,0.7508002273431762,25,52347,37.432575,41.6,1659,0.23664278
0.8480047732591629,0.0,0.22269543,0.009018812,1215.6396026611328,0.7981512766441701,28,53372,37.38883,38.925,1687,0.22269543
0.8107094764709473,0.0,0.2303638,0.008878592,1237.8246057033539,0.8083216833041528,29,54409,37.347,36.25,1716,0.2303638
0.861497700214386,0.0,0.22322312,0.009402793,1260.1241862773895,0.8017507268949909,28,55439,37.346684,34.575,1744,0.22322312
0.787688747048378,0.0,0.23241717,0.009027338,1282.4098999500275,0.8505062342036828,28,56427,37.32814,35.65,1772,0.23241717
0.7985889762639999,0.0,0.24747735,0.009567503,1305.1737723350525,0.8522672305144573,29,57437,37.27788,35.025,1801,0.24747735
0.7860143780708313,0.0,0.2502791,0.009244922,1328.4890129566193,0.8180938731044776,27,58456,37.244183,36.075,1828,0.2502791
0.8104806840419769,0.0,0.22712174,0.009443551,1350.6914737224579,0.839726697088029,29,59483,37.2161,35.425,1857,0.22712174
0.7924793362617493,0.0,0.24083547,0.009293047,1372.9305260181427,0.8537379788058421,26,60499,37.19364,37.575,1883,0.24083547
0.8240665644407272,0.0,0.23856193,0.00964084,1395.222558259964,0.9132292622021818,25,61532,37.171825,39.85,1908,0.23856193
0.8690078258514404,0.0,0.21441281,0.0099861175,1417.4877305030823,0.8788609946289927,26,62548,37.106403,38.95,1934,0.21441281
0.8108839690685272,0.0,0.2727027,0.009392709,1439.6277754306793,0.8777184276118115,26,63617,37.07612,40.7,1960,0.2727027
0.8199859112501144,0.0,0.22806635,0.009389765,1461.8937711715698,0.928707261633396,29,64655,37.01737,38.25,1989,0.22806635
0.8362298160791397,0.0,0.22085296,0.009758959,1484.1258792877197,0.7989774996900582,24,65682,36.99852,39.925,2013,0.22085296
0.7610863894224167,0.0,0.26071978,0.010015316,1506.200387954712,0.8172381996050107,27,66714,36.936325,38.675,2040,0.26071978
0.8065276443958282,0.0,0.26025164,0.009636853,1528.50807595253,0.8373530002410259,23,67712,36.90728,42.05,2063,0.26025164
0.8379608392715454,0.0,0.24434528,0.010357536,1550.7497372627258,0.917309009610368,29,68734,36.889175,37.45,2092,0.24434528
0.8349959999322891,0.0,0.23038562,0.010409288,1572.986796617508,0.9061315898694033,27,69774,36.852737,36.475,2119,0.23038562
0.8021243363618851,0.0,0.21423304,0.009334371,1595.326336145401,0.9103473942393918,25,70799,36.838882,39.6,2144,0.21423304
0.834302619099617,0.0,0.263501,0.009870043,1617.544981956482,0.9336357636815047,24,71790,36.807827,40.475,2168,0.263501
0.8616653084754944,0.0,0.23693822,0.010033661,1639.8103902339935,0.9054753540774033,27,72848,36.743656,39.9,2195,0.23693822
0.8199434578418732,0.0,0.25678283,0.010221664,1662.1618943214417,0.9320502651791205,27,73880,36.697926,38.675,2222,0.25678283
0.8133411705493927,0.0,0.2343162,0.010261206,1684.4906849861145,0.9960906336982926,28,74861,36.64601,36.825,2250,0.2343162
0.8075637221336365,0.0,0.25568038,0.010464171,1706.8699488639832,0.993766607547555,24,75888,36.626293,40.0,2274,0.25568038
0.7898083329200745,0.0,0.23184195,0.010183731,1729.1863329410553,0.942810065242179,25,76920,36.606983,42.825,2299,0.23184195
0.8420547097921371,0.0,0.2504439,0.010216303,1751.3837459087372,0.9045528446945632,28,77950,36.562664,39.2,2327,0.2504439
0.8266192376613617,0.0,0.25457472,0.010279154,1773.8331189155579,0.9713909401682997,25,78966,36.515423,40.325,2352,0.25457472
0.8447472304105759,0.0,0.2273437,0.01038972,1796.2430946826935,1.019044281931402,25,79988,36.4751,41.325,2377,0.2273437
0.8262602984905243,0.0,0.2517277,0.010318046,1818.2569737434387,1.0049136294951304,26,81030,36.427193,39.2,2403,0.2517277
0.8154530972242355,0.0,0.2509262,0.01085783,1840.6187825202942,1.0158689186662688,25,82032,36.35307,38.8,2428,0.2509262
0.8384075164794922,0.0,0.24473672,0.010160612,1862.8072226047516,1.0513058807077944,26,83065,36.30058,41.225,2454,0.24473672
0.8562470078468323,0.0,0.2527329,0.009933722,1884.9850347042084,1.0076006824981174,27,84088,36.26535,38.225,2481,0.2527329
0.8900046795606613,0.0,0.25772247,0.010193229,1907.141478061676,1.028315950762176,27,85145,36.24562,39.1,2508,0.25772247
0.828668624162674,0.0,0.2831725,0.010516434,1929.131252527237,1.0645425772169266,27,86179,36.20606,39.125,2535,0.2831725
0.8616551607847214,0.0,0.26797658,0.010645887,1951.3761842250824,1.1015188233017947,24,87209,36.147953,39.95,2559,0.26797658
0.7838894128799438,0.0,0.24388504,0.010486158,1973.551426410675,1.057643714973026,26,88236,36.117176,40.075,2585,0.24388504
0.8637271672487259,0.0,0.27851325,0.0108692115,1995.693573474884,1.0384385496792112,25,89252,36.06641,39.8,2610,0.27851325
0.8120071738958359,0.0,0.23578475,0.009957267,2017.9417452812195,0.9984491230487862,22,90261,36.0273,42.875,2632,0.23578475
0.859599307179451,0.0,0.27815926,0.011090361,2040.0371339321136,1.01033120699664,23,91286,36.00434,45.275,2655,0.27815926
0.846442922949791,0.0,0.295941,0.011074388,2062.2005276679993,1.081498625497058,23,92304,35.956818,45.825,2678,0.295941
0.7797201424837112,0.0,0.2668028,0.010915472,2084.461711168289,1.0337595868277856,23,93324,35.939014,44.525,2701,0.2668028
0.8310057520866394,0.0,0.25998604,0.011067938,2106.755781650543,1.0860607642741953,23,94333,35.917522,44.7,2724,0.25998604
0.8275268226861954,0.0,0.25118634,0.010660063,2128.7180931568146,1.1136379557375222,24,95372,35.886894,44.475,2748,0.25118634
0.8508041352033615,0.0,0.26166368,0.012110909,2151.0502622127533,1.1228264286249743,22,96433,35.851387,45.725,2770,0.26166368
0.8523157835006714,0.0,0.24434158,0.011591075,2173.2363114356995,1.1800806264201333,22,97459,35.780106,47.9,2792,0.24434158
0.8706273287534714,0.0,0.23982337,0.011102157,2195.6258985996246,1.1923374570152838,23,98452,35.74978,45.325,2815,0.23982337
0.8576399385929108,0.0,0.24734448,0.011316165,2217.8622035980225,1.2451205987402567,25,99455,35.730293,41.075,2840,0.24734448
0.8562297374010086,0.0,0.2837269,0.0108094495,2239.8714327812195,1.1145398286112802,23,100482,35.730793,42.95,2863,0.2837269
0.8744367957115173,0.0,0.2764894,0.011341225,2262.0607714653015,1.0662087085603251,24,101512,35.68555,43.15,2887,0.2764894
0.8362119793891907,0.0,0.26682007,0.010777535,2284.7714285850525,1.163904493703153,22,102509,35.65207,44.225,2909,0.26682007
0.8469537198543549,0.0,0.2697931,0.011236986,2307.20810341835,1.2431973332794748,21,103514,35.61747,45.825,2930,0.2697931
0.8279577642679214,0.0,0.2668692,0.012010932,2329.5783565044403,1.19286638433331,21,104511,35.5657,48.15,2951,0.2668692
0.8061188012361526,0.0,0.27571392,0.011172319,2351.938069820404,1.1994838219974073,23,105504,35.549984,45.45,2974,0.27571392
0.8711781948804855,0.0,0.25855923,0.011144593,2374.320885181427,1.2426172210662103,24,106524,35.500004,41.95,2998,0.25855923
0.8678682595491409,0.0,0.27370116,0.011739721,2396.629596710205,1.16622878313653,25,107575,35.45086,42.65,3023,0.27370116
0.8637558668851852,0.0,0.24441993,0.011606063,2418.7842965126038,1.182856479616781,24,108567,35.41337,41.525,3047,0.24441993
0.8634966015815735,0.0,0.27604383,0.0114678815,2441.1090421676636,1.1636277633240735,22,109641,35.369846,44.15,3069,0.27604383
0.882538802921772,0.0,0.29377326,0.011189694,2463.483853340149,1.2221494765678478,21,110634,35.323948,47.15,3090,0.29377326
0.8745634704828262,0.0,0.2554037,0.011612213,2485.8690304756165,1.330917564634534,23,111647,35.27203,45.05,3113,0.2554037
0.816432923078537,0.0,0.2690639,0.011884572,2508.3648598194122,1.216945448364795,23,112660,35.248714,44.1,3136,0.2690639
0.8575676530599594,0.0,0.31121707,0.011947295,2530.6484155654907,1.2163445002786246,23,113686,35.206112,45.2,3159,0.31121707
0.8547069430351257,0.0,0.2874468,0.012862148,2554.147662639618,1.1902420889113483,22,114745,35.169613,46.225,3181,0.2874468
0.8531960397958755,0.0,0.2799846,0.012215339,2578.607433319092,1.1370200528461125,23,115781,35.127438,46.25,3204,0.2799846
0.8638363480567932,0.0,0.28311193,0.011667757,2602.8997077941895,1.1485608643131866,23,116816,35.113228,44.975,3227,0.28311193
0.8542170971632004,0.0,0.2513511,0.011595216,2635.5478930473328,1.249500168098066,21,117818,35.06707,46.25,3248,0.2513511
0.8560182005167007,0.0,0.25839746,0.011270121,2662.1063566207886,1.2369138815952945,24,118857,35.028805,44.275,3272,0.25839746
0.8712960779666901,0.0,0.2658683,0.011872463,2684.967747926712,1.2524172855589828,22,119915,35.006344,45.875,3294,0.2658683
0.833859458565712,0.0,0.29948327,0.011530528,2708.973708152771,1.3212049169248754,24,120969,34.986313,46.05,3318,0.29948327
0.8976979628205299,0.0,0.2934941,0.011412965,2733.605875492096,1.3340223720355713,23,121986,34.94651,44.95,3341,0.2934941
0.8708113431930542,0.0,0.28545317,0.012325434,2757.9998536109924,1.2982180152884717,23,123022,34.9101,45.125,3364,0.28545317
0.8535614907741547,0.0,0.27906078,0.011413109,2781.845032930374,1.2495538764529017,21,124000,34.87478,44.925,3385,0.27906078
0.8715496361255646,0.0,0.26999384,0.012505084,2806.155396938324,1.2375012688375508,20,125032,34.857853,49.2,3405,0.26999384
0.8419920951128006,0.0,0.31147376,0.011854367,2829.657796859741,1.2466204929308917,19,126004,34.841965,50.675,3424,0.31147376
0.8398398607969284,0.0,0.29538497,0.0116846515,2852.8044381141663,1.319083982940921,19,126978,34.830063,51.075,3443,0.29538497
0.8743268400430679,0.0,0.26014808,0.012154752,2875.9999091625214,1.3156904634415127,21,127988,34.80865,49.6,3464,0.26014808
0.8592792451381683,0.0,0.25601172,0.012779404,2899.154551267624,1.2865024649140533,23,129072,34.77051,47.325,3487,0.25601172
0.8660132586956024,0.0,0.30409914,0.012649228,2922.36013174057,1.3471866496304268,23,130151,34.76562,46.975,3510,0.30409914
0.8392943143844604,0.0,0.25716847,0.012586774,2947.0147955417633,1.3132641524619861,19,131138,34.73909,49.0,3529,0.25716847
0.8803015202283859,0.0,0.2943247,0.013149111,2970.0682582855225,1.2469178250484743,20,132140,34.703793,50.4,3549,0.2943247
0.8784838244318962,0.0,0.29081255,0.013031498,2992.881456375122,1.2799708487292958,23,133143,34.677063,46.3,3572,0.29081255
0.8965178206562996,0.0,0.26695094,0.012201786,3015.979270219803,1.2724221792511052,19,134134,34.676804,48.05,3591,0.26695094
0.8585009276866913,0.0,0.2773035,0.012627947,3038.837101459503,1.2941305861128005,20,135192,34.65398,52.825,3611,0.2773035
0.8532494902610779,0.0,0.2917595,0.012373815,3061.7592101097107,1.2510336308423027,21,136219,34.64035,50.95,3632,0.2917595
0.8462959825992584,0.0,0.27274603,0.012121931,3084.777203798294,1.2478683352311064,21,137245,34.60889,49.8,3653,0.27274603
0.8937666565179825,0.0,0.31407258,0.012251186,3107.7346143722534,1.3040666467033315,19,138278,34.57781,51.475,3672,0.31407258
0.8765332773327827,0.0,0.29827204,0.012728507,3130.7991182804108,1.3791878188491578,22,139319,34.57228,50.525,3694,0.29827204
0.8836559504270554,0.0,0.28368348,0.013311975,3153.601343870163,1.3291882155700285,24,140332,34.562008,44.125,3718,0.28368348
0.8711471408605576,0.0,0.29042846,0.012890726,3176.5461440086365,1.3657850582271949,22,141378,34.528015,44.375,3740,0.29042846
0.8918186277151108,0.0,0.2785182,0.013065682,3199.357894182205,1.3780963475173966,22,142387,34.52197,46.625,3762,0.2785182
0.9128950983285904,0.0,0.25154495,0.012035484,3221.899354696274,1.4225436961799995,22,143415,34.488766,45.025,3784,0.25154495
0.9011573866009712,0.0,0.2764872,0.013233192,3244.6008303165436,1.4701666947663508,19,144472,34.47003,50.55,3803,0.2764872
0.8307479619979858,0.0,0.27553007,0.013068846,3267.3823750019073,1.3735071084190071,22,145534,34.454056,51.725,3825,0.27553007
0.8785336017608643,0.0,0.28783458,0.012038019,3290.1407327651978,1.414004500572959,20,146549,34.431644,49.175,3845,0.28783458
0.8931376114487648,0.0,0.28170943,0.013260847,3312.9982030391693,1.457736373152327,21,147576,34.425297,49.425,3866,0.28170943
0.9146731048822403,0.0,0.31108195,0.013322966,3335.903787136078,1.3824186581429114,19,148650,34.409164,52.525,3885,0.31108195
0.8666326701641083,0.0,0.26765987,0.013307452,3358.587930202484,1.3671599346151229,18,149631,34.391785,55.225,3903,0.26765987
0.8723036497831345,0.0,0.2879125,0.011866622,3381.6089832782745,1.4427711222006223,19,150637,34.37792,53.7,3922,0.2879125
0.8733350038528442,0.0,0.28081477,0.012663095,3404.3619241714478,1.4582335473501604,17,151632,34.374287,55.325,3939,0.28081477
0.9027071297168732,0.0,0.2786618,0.012970364,3427.1352479457855,1.4213086262699477,23,152690,34.348686,51.325,3962,0.2786618
0.8933243155479431,0.0,0.32903728,0.013214573,3449.896919488907,1.500473238538277,17,153733,34.330025,52.525,3979,0.32903728
0.9023875519633293,0.0,0.27155143,0.01267611,3472.7415342330933,1.495921565227447,20,154777,34.315704,55.2,3999,0.27155143
0.8666955679655075,0.0,0.27645373,0.0135753,3495.8057980537415,1.359261020597342,20,155797,34.309128,51.6,4019,0.27645373
0.8170026391744614,0.0,0.32959616,0.013105966,3518.7301156520844,1.3980842940416878,21,156850,34.294865,50.025,4040,0.32959616
0.8073938488960266,0.0,0.3078803,0.013077149,3541.429564476013,1.4755141003239125,20,157870,34.290035,50.8,4060,0.3078803
0.9005948379635811,0.0,0.2784329,0.012108129,3564.3482053279877,1.4426301833319615,21,158894,34.26399,49.375,4081,0.2784329
0.8666101843118668,0.0,0.33036688,0.012585781,3587.312055826187,1.4500202141424652,18,159918,34.256824,52.2,4099,0.33036688
0.8372304439544678,0.0,0.2816251,0.013202744,3610.02605843544,1.4227440139521792,22,160952,34.232685,51.45,4121,0.2816251
0.8752916902303696,0.0,0.2913835,0.014735447,3632.969857931137,1.3718089823847885,17,162014,34.21675,53.15,4138,0.2913835
0.8468612730503082,0.0,0.32148522,0.013157325,3655.873886346817,1.4800466876349154,18,163064,34.219456,58.025,4156,0.32148522
0.876167818903923,0.0,0.31885758,0.01319618,3678.8368017673492,1.5444278809597956,16,164056,34.20343,59.5,4172,0.31885758
0.8436606824398041,0.0,0.29113248,0.0134707615,3701.8489558696747,1.5572158482360545,17,165049,34.17432,58.525,4189,0.29113248
0.8634578138589859,0.0,0.3167201,0.0130263055,3724.678148508072,1.4412196213934254,18,166050,34.16894,57.775,4207,0.3167201
0.8691567927598953,0.0,0.27512816,0.0133548565,3747.64785695076,1.4341748885209482,19,167046,34.160908,54.125,4226,0.27512816
0.8651276379823685,0.0,0.2877754,0.012583411,3770.3779814243317,1.5216270165619985,19,168083,34.160213,54.475,4245,0.2877754
0.8828261345624924,0.0,0.27661294,0.013035946,3793.2756671905518,1.583985307448922,19,169065,34.14551,53.5,4264,0.27661294
0.9046882539987564,0.0,0.29880917,0.01324158,3816.2929244041443,1.5140096868533108,19,170052,34.13917,51.45,4283,0.29880917
0.89194405823946,0.0,0.2722132,0.013406582,3839.191743850708,1.434596953410018,18,171029,34.125217,53.275,4301,0.2722132
0.8811314180493355,0.0,0.26786613,0.013783276,3862.14554643631,1.4824351789865424,20,172088,34.101547,53.575,4321,0.26786613
0.8099733591079712,0.0,0.30178088,0.01319775,3885.078766822815,1.5031205888136978,21,173106,34.08864,50.4,4342,0.30178088
0.859477624297142,0.0,0.30762768,0.013664951,3908.070187807083,1.4922017501355729,19,174097,34.074535,50.225,4361,0.30762768
0.9134429544210434,0.0,0.2690226,0.013530478,3930.970709323883,1.5491319443553255,18,175145,34.061527,54.35,4379,0.2690226
0.9097152650356293,0.0,0.29930216,0.013963344,3953.904225587845,1.458642143571813,18,176123,34.053226,56.325,4397,0.29930216
0.8843924924731255,0.0,0.25408888,0.012976084,3977.010089159012,1.4245053646866546,20,177145,34.03391,53.05,4417,0.25408888
0.8941116854548454,0.0,0.28434032,0.0131580755,4000.163719177246,1.5164049931808308,19,178217,34.026314,53.925,4436,0.28434032
0.8946678712964058,0.0,0.2858907,0.013235049,4023.044023513794,1.6226102158647975,17,179260,34.012466,58.45,4453,0.2858907
0.8740698993206024,0.0,0.28482363,0.013629707,4045.9874515533447,1.4937377297557333,21,180333,34.004887,55.825,4474,0.28482363
0.8596750646829605,0.0,0.32686692,0.013649078,4068.7870371341705,1.3836658004429911,16,181289,33.993637,54.525,4490,0.32686692
0.9232125207781792,0.0,0.32744628,0.013290912,4091.686860561371,1.3805244122639408,20,182302,33.96902,54.175,4510,0.32744628
0.8424861282110214,0.0,0.26384953,0.013088415,4114.467132329941,1.519015353699718,21,183339,33.95819,49.95,4531,0.26384953
0.8703576922416687,0.0,0.31349078,0.013289249,4137.185340642929,1.4521434114914231,20,184404,33.948425,50.7,4551,0.31349078
0.8808860257267952,0.0,0.31675738,0.014205024,4159.963727474213,1.4381533503891493,19,185405,33.93869,52.8,4570,0.31675738
0.8870992511510849,0.0,0.30888167,0.01370296,4182.701111793518,1.499934910937165,19,186412,33.922905,53.15,4589,0.30888167
0.8614582866430283,0.0,0.34226912,0.013243085,4205.4363305568695,1.4506649759683292,18,187394,33.925476,52.25,4607,0.34226912
0.8691906929016113,0.0,0.28336847,0.013930604,4228.498108863831,1.4137026184082486,17,188367,33.903854,56.225,4624,0.28336847
0.882424846291542,0.0,0.31231835,0.012449549,4251.033419132233,1.5338755328420917,19,189349,33.89041,53.9,4643,0.31231835
0.8375450223684311,0.0,0.34551376,0.012861168,4274.0265011787415,1.4929469440964653,21,190406,33.8725,50.975,4664,0.34551376
0.902366153895855,0.0,0.29486644,0.013543276,4297.01496553421,1.3552314945377004,18,191421,33.86693,53.025,4682,0.29486644
0.875772587954998,0.0,0.32167196,0.013321068,4319.7256281375885,1.5444014488445355,17,192446,33.851303,57.3,4699,0.32167196
0.8804762288928032,0.0,0.2980416,0.013137185,4342.598543405533,1.632248763388875,17,193477,33.84565,59.45,4716,0.2980416
0.8584543764591217,0.0,0.36267757,0.013999058,4365.265527486801,1.624064791783739,19,194517,33.837173,58.525,4735,0.36267757
0.877911239862442,0.0,0.2960053,0.013526191,4388.09768986702,1.5760221477872833,19,195537,33.821518,56.15,4754,0.2960053
0.8983831629157066,0.0,0.2772201,0.013354878,4410.968371152878,1.6889384876555547,17,196556,33.809628,55.625,4771,0.2772201
0.867191419005394,0.0,0.29130948,0.01370267,4433.696210384369,1.6615937138434809,18,197595,33.802433,58.15,4789,0.29130948
0.8580386489629745,0.0,0.35028753,0.01277332,4456.597854614258,1.5209103479037782,19,198607,33.806164,55.1,4808,0.35028753
0.8786477893590927,0.0,0.28447527,0.014297578,4479.468999862671,1.537515341531589,19,199603,33.795414,53.3,4827,0.28447527
0.8497731238603592,0.0,0.30566722,0.013014224,4502.137956619263,1.5064043408367709,18,200697,33.786568,56.775,4845,0.30566722
0.8904608488082886,0.0,0.3081873,0.013147426,4524.965172529221,1.5275244312652607,18,201733,33.78631,57.925,4863,0.3081873
0.859864741563797,0.0,0.33146673,0.013534443,4547.669549942017,1.5626339610860902,21,202756,33.78271,52.95,4884,0.33146673
0.8835167661309242,0.0,0.34265864,0.014041511,4570.399193286896,1.5978711131178405,19,203790,33.775608,51.425,4903,0.34265864
0.8743138760328293,0.0,0.31927437,0.013874365,4593.2970287799835,1.6020320297048152,18,204824,33.76683,55.45,4921,0.31927437
0.8934091851115227,0.0,0.3023127,0.013950758,4616.230812549591,1.5588378340294038,20,205858,33.76514,54.8,4941,0.3023127
0.8711934834718704,0.0,0.29242122,0.014396772,4639.105881214142,1.5524099593671448,17,206840,33.753418,54.75,4958,0.29242122
0.9232306405901909,0.0,0.3505961,0.0132409595,4662.040956497192,1.6315487613908537,18,207919,33.75685,58.475,4976,0.3505961
0.8507513552904129,0.0,0.30439097,0.013609996,4684.824590444565,1.6671565486268314,18,208932,33.748264,57.175,4994,0.30439097
0.8896949216723442,0.0,0.32403576,0.013895192,4707.704816579819,1.6482126349865769,19,210005,33.747288,56.5,5013,0.32403576
0.8870740011334419,0.0,0.37159202,0.013477279,4730.639563083649,1.6777702984369316,17,211034,33.735783,59.55,5030,0.37159202
0.8727676570415497,0.0,0.36863595,0.013311999,4753.3352036476135,1.554197118015733,18,212055,33.722713,55.65,5048,0.36863595
0.9062026366591454,0.0,0.35372,0.014621862,4776.370601177216,1.691451888689657,16,213040,33.71315,59.65,5064,0.35372
0.8959852755069733,0.0,0.29966635,0.01346359,4798.89625620842,1.6616940450734845,16,214006,33.69438,59.325,5080,0.29966635
0.9249164164066315,0.0,0.3284375,0.014367801,4821.6016664505005,1.62061422883332,19,215062,33.67938,57.6,5099,0.3284375
0.8756817504763603,0.0,0.33777502,0.013004951,4844.506923913956,1.6344803866620208,16,216042,33.669865,57.9,5115,0.33777502
0.8583356440067291,0.0,0.34856433,0.013681794,4867.185076236725,1.6078280859493113,15,217070,33.666195,62.025,5130,0.34856433
0.8784662485122681,0.0,0.34140378,0.014771335,4890.114659309387,1.7020768830544852,15,218084,33.65062,67.05,5145,0.34140378
0.8721235394477844,0.0,0.33752066,0.013256143,4912.905752182007,1.8778196889805236,16,219101,33.641617,64.275,5161,0.33752066
0.8803599551320076,0.0,0.33329633,0.014481125,4935.685621023178,1.7378020066926556,18,220108,33.633358,59.775,5179,0.33329633
0.892012283205986,0.0,0.28177768,0.014080904,4958.439224481583,1.651772251353251,18,221132,33.613285,57.725,5197,0.28177768
0.9180107489228249,0.0,0.33582526,0.0142047275,4981.351091384888,1.7354757469177593,19,222211,33.59766,55.95,5216,0.33582526
0.8563230782747269,0.0,0.28517675,0.013886337,5004.159234762192,1.789790678880476,18,223240,33.594296,56.875,5234,0.28517675
0.8476404398679733,0.0,0.3086145,0.0139238,5026.93265414238,1.6390320542576664,18,224265,33.585445,56.025,5252,0.3086145
0.8827065378427505,0.0,0.32925034,0.014127999,5049.658581495285,1.5100553294542691,19,225288,33.580826,54.7,5271,0.32925034
0.8813317865133286,0.0,0.30402905,0.014547294,5072.469042062759,1.6161128697985625,18,226319,33.57226,56.575,5289,0.30402905
0.9021755307912827,0.0,0.163266,0.0038434078,5095.290987253189,1.6017616414377749,17,227369,33.556644,59.15,5306,0.163266
0.8749697506427765,0.0,0.15142438,0.0037723728,5118.2704820632935,1.574779802588592,15,228392,33.548344,61.75,5321,0.15142438
0.8917438983917236,0.0,0.33315596,0.014119664,5141.136163711548,1.6199612094345874,19,229443,33.52881,62.725,5340,0.33315596
0.8804520443081856,0.0,0.288088,0.014167458,5164.024149894714,1.5961614886039075,19,230457,33.52154,57.4,5359,0.288088
0.8529703766107559,0.0,0.4385876,0.013899452,5186.649768590927,1.613137498149543,16,231463,33.518288,58.025,5375,0.4385876
0.8681477755308151,0.0,0.3251932,0.013661301,5209.481498003006,1.6068673698161042,16,232491,33.512474,62.15,5391,0.3251932
0.8615803420543671,0.0,0.33854115,0.014067763,5232.332783937454,1.631867482346402,17,233553,33.497055,63.35,5408,0.33854115
0.86983822286129,0.0,0.32334304,0.013910254,5255.187491893768,1.6431271173646647,17,234577,33.480293,60.35,5425,0.32334304
0.9018736779689789,0.0,0.37181103,0.014520375,5278.00798535347,1.7101885710034306,18,235583,33.465034,58.2,5443,0.37181103
0.8758549615740776,0.0,0.3250951,0.014170662,5301.066185474396,1.666457426869196,17,236610,33.46724,58.5,5460,0.3250951
0.884728454053402,0.0,0.28602675,0.013747549,5323.770843267441,1.6757037990874246,19,237617,33.46702,55.725,5479,0.28602675
0.8899594321846962,0.0,0.27805865,0.013682015,5346.654620885849,1.6094050782031548,16,238648,33.459476,57.5,5495,0.27805865
0.8635267168283463,0.0,0.33395836,0.014161533,5369.654809474945,1.7011608938515912,16,239605,33.453304,60.8,5511,0.33395836
0.9139265343546867,0.0,0.3162275,0.014267208,5392.307178258896,1.6519118927068746,18,240664,33.439945,58.8,5529,0.3162275
0.8709564059972763,0.0,0.3425226,0.013572443,5415.133542537689,1.676410386013163,14,241645,33.428043,63.075,5543,0.3425226
0.8248246610164642,0.0,0.3334806,0.014647674,5437.87641453743,1.6593517939378173,17,242671,33.418957,65.0,5560,0.3334806
0.8725959062576294,0.0,0.31106555,0.014772132,5460.506261348724,1.730108881744251,15,243653,33.40351,64.45,5575,0.31106555
0.8267451673746109,0.0,0.32108012,0.0147421295,5483.338183641434,1.6734148955114911,17,244675,33.38702,61.925,5592,0.32108012
0.8714263886213303,0.0,0.34705186,0.014684233,5506.0530207157135,1.659864927362855,17,245721,33.381893,61.65,5609,0.34705186
0.7734968662261963,0.0,0.18388025,0.0037602317,5528.883011817932,1.703605240643625,14,246720,33.37889,66.825,5623,0.18388025
0.8792370781302452,0.0,0.15386668,0.0037582223,5551.793398618698,1.7225698654153079,17,247778,33.38182,65.975,5640,0.15386668
0.8439138680696487,0.0,0.15359217,0.0037669833,5574.320015907288,1.7075530843280062,17,248865,33.37257,64.125,5657,0.15359217
0.8857464343309402,0.0,0.33195192,0.01381797,5596.90561747551,1.7617313364976568,18,249920,33.349434,61.45,5675,0.33195192
0.9006019085645676,0.0,0.14854859,0.0037485044,5619.520100593567,1.7358543049792114,17,251005,33.340588,62.35,5692,0.14854859
0.8806675970554352,0.0,0.3154384,0.0146608045,5642.052015781403,1.7001809267678893,15,252054,33.327152,64.725,5707,0.3154384
0.8769828379154205,0.0,0.14784926,0.003895704,5664.83661532402,1.7314779399117612,20,253092,33.316597,60.4,5727,0.14784926
0.8914656862616539,0.0,0.1625268,0.0037693752,5687.57146191597,1.7648940730848728,15,254075,33.30926,60.075,5742,0.1625268
0.8701711148023605,0.0,0.33326957,0.014527343,5710.171381235123,1.872014619370694,14,255102,33.31321,64.1,5756,0.33326957
0.8831021636724472,0.0,0.3394525,0.014444012,5732.834980249405,1.866294345207552,18,256111,33.300594,64.35,5774,0.3394525
0.846832662820816,0.0,0.3290345,0.014746851,5755.472410440445,1.9334320176527449,14,257108,33.301,65.45,5788,0.3290345
0.892488420009613,0.0,0.15786794,0.0040431777,5778.239362716675,1.7675198839143207,16,258075,33.294167,63.1,5804,0.15786794
0.8865099251270294,0.0,0.33241346,0.014099299,5801.12207531929,1.7782375250612836,20,259082,33.289017,57.0,5824,0.33241346
0.8856829479336739,0.0,0.33221605,0.013772838,5823.7282128334045,1.911622640913708,15,260123,33.28322,59.9,5839,0.33221605
0.871073842048645,0.0,0.356564,0.0135342125,5846.471179962158,1.9110786539481168,17,261108,33.27095,60.0,5856,0.356564
0.8856581673026085,0.0,0.34124827,0.014648149,5869.286481142044,1.7368607814242893,17,262104,33.26415,58.05,5873,0.34124827
0.8746795356273651,0.0,0.15617037,0.003948097,5892.573044061661,1.7307554136818957,17,263123,33.25315,58.5,5890,0.15617037
0.886949397623539,0.0,0.14613658,0.003783487,5915.2773287296295,1.8613312023765496,16,264209,33.238224,60.725,5906,0.14613658
0.8781545385718346,0.0,0.30325344,0.014546901,5938.1601021289825,1.9448459095120683,16,265233,33.238277,63.85,5922,0.30325344
0.8882395997643471,0.0,0.36609262,0.01479029,5960.762003183365,1.8707955021324039,17,266195,33.229977,61.525,5939,0.36609262
0.8546976149082184,0.0,0.33839673,0.014528932,5983.502935409546,1.8128039442352772,19,267251,33.222965,56.175,5958,0.33839673
0.8678591996431351,0.0,0.33383557,0.014862984,6006.28212761879,1.8660160194116564,16,268283,33.2182,59.775,5974,0.33383557
0.8622012287378311,0.0,0.3408386,0.014526104,6028.916257619858,1.9568090368455913,16,269315,33.202938,62.175,5990,0.3408386
0.8284092992544174,0.0,0.44229692,0.014571636,6051.660984039307,2.041964124762904,17,270358,33.19727,61.525,6007,0.44229692
0.9022886380553246,0.0,0.30616757,0.014264904,6074.510059118271,1.9963834318023888,19,271406,33.18476,58.65,6026,0.30616757
0.8649370968341827,0.0,0.15868893,0.003776257,6097.2711136341095,1.8725983542122102,15,272512,33.17555,63.175,6041,0.15868893
0.863909050822258,0.0,0.1597969,0.0037796088,6120.200946331024,1.8298944905165442,16,273522,33.17262,64.775,6057,0.1597969
0.8721093386411667,0.0,0.15722947,0.0037855185,6142.798282623291,1.8551784730528635,16,274537,33.165337,66.05,6073,0.15722947
0.8845855295658112,0.0,0.14557686,0.0038144952,6165.3414306640625,1.7878526481785229,17,275553,33.143364,61.775,6090,0.14557686
0.8711121678352356,0.0,0.15792558,0.00377395,6187.961580514908,1.8315383064973438,17,276604,33.131157,60.225,6107,0.15792558
0.897519089281559,0.0,0.30973625,0.014675336,6210.49095749855,1.895073969405019,16,277593,33.11936,59.95,6123,0.30973625
0.8993385955691338,0.0,0.31128752,0.013950208,6233.0616455078125,1.9579290311953386,17,278636,33.114254,62.925,6140,0.31128752
0.8781276717782021,0.0,0.34570593,0.013971282,6255.842658996582,1.8746161247076423,15,279653,33.107426,64.725,6155,0.34570593
0.8768696486949921,0.0,0.42352962,0.014576385,6278.437621593475,1.7855034802904552,17,280662,33.094006,63.025,6172,0.42352962
0.902066059410572,0.0,0.32022995,0.014751108,6301.086129188538,1.9516196557834795,17,281692,33.07445,60.275,6189,0.32022995
0.8926454409956932,0.0,0.34576845,0.014925443,6323.764251232147,1.967497735922463,15,282681,33.05785,64.2,6204,0.34576845
0.8153378367424011,0.0,0.2778917,0.014856478,6346.361316919327,1.8984251001481103,18,283752,33.058537,60.95,6222,0.2778917
0.8853361532092094,0.0,0.32515946,0.013609317,6369.072715997696,1.9641179691949282,15,284787,33.063046,65.175,6237,0.32515946
0.9232322126626968,0.0,0.1622052,0.0038525993,6391.800016880035,2.0459762549333247,15,285827,33.048824,64.875,6252,0.1622052
0.884746678173542,0.0,0.3240031,0.014975958,6414.524672031403,2.031389145491673,15,286864,33.032482,70.025,6267,0.3240031
0.882621131837368,0.0,0.3255226,0.014571056,6437.124781370163,1.9519359026136303,16,287912,33.017876,67.325,6283,0.3255226
0.8809293806552887,0.0,0.15911217,0.0039282073,6459.765390634537,1.928514949091003,15,288941,33.01342,67.225,6298,0.15911217
0.8860784322023392,0.0,0.34545946,0.014729924,6482.468297243118,1.8977720418038964,17,289959,33.011173,63.525,6315,0.34545946
0.866256445646286,0.0,0.3129947,0.014364113,6505.363320112228,1.977485450659442,13,290911,33.011486,65.7,6328,0.3129947
0.8944974318146706,0.0,0.33161467,0.014653945,6527.870691537857,2.0578485830574573,16,292003,33.00123,67.675,6344,0.33161467
0.8729088008403778,0.0,0.29689443,0.014933477,6550.576413393021,2.1723046441227765,15,293061,32.997814,70.175,6359,0.29689443
0.8794661089777946,0.0,0.31142563,0.014629325,6573.339768648148,2.0803386870847507,16,294057,32.99392,64.1,6375,0.31142563
0.8935775011777878,0.0,0.32116815,0.01444543,6595.810195684433,2.077575440384623,17,295044,32.983135,62.8,6392,0.32116815
0.8690804690122604,0.0,0.3793555,0.014987066,6618.531686544418,2.2162413158558403,15,296070,32.989304,62.875,6407,0.3793555
0.8661112487316132,0.0,0.29785854,0.014640497,6641.245761871338,2.207923681766254,16,297092,32.980732,63.325,6423,0.29785854
0.8852707743644714,0.0,0.15633924,0.003817002,6663.66760468483,2.016109912460593,15,298092,32.970657,64.775,6438,0.15633924
0.8842983841896057,0.0,0.16778532,0.0038429485,6686.477213382721,1.876243866794852,17,299140,32.969547,62.0,6455,0.16778532
0.899784617125988,0.0,0.3077767,0.013938179,6709.083430051804,1.9223244123714571,17,300145,32.96678,61.325,6472,0.3077767
0.8849257752299309,0.0,0.15916815,0.0038058402,6731.584432601929,1.9533290666806997,15,301151,32.962875,63.525,6487,0.15916815
0.8864645212888718,0.0,0.31643754,0.014919706,6754.341369152069,1.9080476193163285,15,302142,32.963863,63.85,6502,0.31643754
0.8934606686234474,0.0,0.38718736,0.014733231,6776.741154432297,2.0286347781349297,13,303188,32.954575,71.675,6515,0.38718736
0.9284798577427864,0.0,0.31989753,0.014685281,6799.401797056198,2.108933751190136,17,304245,32.94651,70.075,6532,0.31989753
0.821970596909523,0.0,0.1762039,0.0039219176,6822.018164396286,2.0110428162946485,14,305182,32.941837,68.6,6546,0.1762039
0.8695185631513596,0.0,0.15838084,0.0038073347,6844.610156297684,2.0201302411515414,15,306232,32.93022,67.425,6561,0.15838084
0.907865896821022,0.0,0.15971681,0.0040217936,6867.4133558273315,2.013555810237088,16,307224,32.91726,64.175,6577,0.15971681
0.8162912577390671,0.0,0.35806268,0.01471485,6890.21554517746,2.0190498559327503,18,308260,32.901424,61.2,6595,0.35806268
0.8864583000540733,0.0,0.15632968,0.003912715,6913.058565855026,1.9610418649221402,16,309283,32.885933,61.1,6611,0.15632968
0.849487915635109,0.0,0.15795219,0.003836236,6935.610103130341,1.914655144563786,17,310296,32.878902,61.875,6628,0.15795219
0.879938006401062,0.0,0.14274924,0.0038362297,6958.208547830582,1.8902881027476641,19,311341,32.86957,58.85,6647,0.14274924
0.9000576436519623,0.0,0.14787751,0.00407809,6981.108060121536,1.916398971406414,15,312312,32.862614,60.325,6662,0.14787751
0.8758548051118851,0.0,0.3617838,0.014453252,7003.793883800507,1.932033820469654,16,313356,32.863766,63.35,6678,0.3617838
0.8857633918523788,0.0,0.17498778,0.0038206629,7026.287722110748,2.1008660257493927,15,314408,32.860588,67.4,6693,0.17498778
0.8660080134868622,0.0,0.15851575,0.0041995794,7049.035765647888,2.212315434017551,15,315418,32.85005,68.525,6708,0.15851575
0.90235735476017,0.0,0.31288448,0.01465566,7071.453041791916,2.2372723023932846,15,316476,32.841785,69.625,6723,0.31288448
0.9171620011329651,0.0,0.15696755,0.003957725,7094.202883720398,2.227604194542465,14,317494,32.828846,69.825,6737,0.15696755
0.9003253355622292,0.0,0.35199678,0.014974077,7117.09259223938,2.159395959523547,14,318470,32.81818,69.1,6751,0.35199678
0.8822837397456169,0.0,0.31042412,0.014780872,7139.622836351395,2.0890907171475006,14,319419,32.812073,70.2,6765,0.31042412
0.8726578652858734,0.0,0.3477919,0.014651395,7162.471848964691,2.0177295249035807,15,320441,32.809822,68.075,6780,0.3477919
0.8721082508563995,0.0,0.15975115,0.0038023225,7185.166388988495,1.9842255996791451,16,321446,32.795837,66.025,6796,0.15975115
0.8875795379281044,0.0,0.1642828,0.003767799,7207.72630405426,2.007534473552148,15,322420,32.78742,64.0,6811,0.1642828
0.9434057176113129,0.0,0.1597225,0.003827546,7230.587078809738,2.1823541896298395,16,323495,32.783707,66.375,6827,0.1597225
0.8807294517755508,0.0,0.15713151,0.0039378013,7253.386031150818,2.1319320404165536,17,324525,32.787106,62.95,6844,0.15713151
0.8856525644659996,0.0,0.15545899,0.0037828656,7275.915856599808,2.0827367688499727,16,325541,32.782166,63.1,6860,0.15545899
0.9065777957439423,0.0,0.3258668,0.0149666695,7298.9160940647125,2.1284504281157384,16,326583,32.77594,62.8,6876,0.3258668
0.8512925356626511,0.0,0.14360347,0.0038572105,7321.451701402664,2.1832158735377414,14,327646,32.76342,67.95,6890,0.14360347
0.8767663389444351,0.0,0.14325675,0.0038540207,7344.024671792984,2.1832472149031616,14,328641,32.75337,71.1,6904,0.14325675
0.8964193090796471,0.0,0.3936314,0.014983404,7366.786807775497,2.161699195194329,15,329663,32.74757,70.5,6919,0.3936314
0.8596472889184952,0.0,0.16691476,0.0038715005,7389.219250202179,2.313590432134835,15,330727,32.74657,70.175,6934,0.16691476
0.8227087557315826,0.0,0.16742048,0.004085658,7420.261744976044,2.2428677035334674,14,331720,32.733147,71.3,6948,0.16742048
0.9082439988851547,0.0,0.17094481,0.00386859,7447.833424091339,2.1256389857769866,13,332763,32.732124,74.2,6961,0.17094481
0.8767229467630386,0.0,0.15972547,0.0039330055,7472.261045217514,2.1053163674462083,15,333798,32.727245,72.45,6976,0.15972547
0.8271592259407043,0.0,0.15868321,0.0040136636,7496.5624759197235,2.2122112141434824,14,334805,32.725292,72.5,6990,0.15868321
0.8358639627695084,0.0,0.36180073,0.014477902,7519.305435657501,2.143205007905607,15,335819,32.718212,68.3,7005,0.36180073
0.856787234544754,0.0,0.17677042,0.0039315145,7541.953282117844,2.2274304194055197,14,336830,32.712887,70.4,7019,0.17677042
0.8752937316894531,0.0,0.16083343,0.004005312,7564.5979635715485,2.2091885466919026,14,337898,32.70928,72.725,7033,0.16083343
0.9037737101316452,0.0,0.14637324,0.0039130966,7587.5418746471405,2.2420754427001244,18,338959,32.698486,67.925,7051,0.14637324
0.9118192046880722,0.0,0.17582823,0.0038443694,7610.124185562134,2.187304110529783,16,340026,32.699203,64.45,7067,0.17582823
0.8533248007297516,0.0,0.40348917,0.01462931,7632.997052669525,2.2432388422984753,16,341076,32.686462,64.35,7083,0.40348917
0.8623937964439392,0.0,0.14854799,0.003958745,7655.59210062027,2.263217100118434,14,342078,32.677998,68.2,7097,0.14854799
0.8940122574567795,0.0,0.3413043,0.014947141,7678.252330541611,2.1421976032192127,17,343090,32.672672,64.775,7114,0.3413043
0.869367390871048,0.0,0.16244273,0.003794455,7701.6997423172,2.0992143889554336,14,344081,32.670185,65.7,7128,0.16244273
0.9143510982394218,0.0,0.15595567,0.0039970325,7724.452707529068,2.048444976682915,18,345117,32.657967,61.9,7146,0.15595567
0.9125773757696152,0.0,0.3269827,0.014611944,7747.290230751038,2.15877005918807,16,346155,32.6482,63.125,7162,0.3269827
0.8583740293979645,0.0,0.15895061,0.003984675,7770.39466714859,2.156789844630034,15,347159,32.64064,64.6,7177,0.15895061
0.9045957326889038,0.0,0.3199254,0.01477068,7793.190016031265,2.2343255101920163,16,348215,32.63018,67.325,7193,0.3199254
0.8756587952375412,0.0,0.16848801,0.003913438,7816.2699637413025,2.2086913244663764,16,349261,32.62695,65.675,7209,0.16848801
0.910365954041481,0.0,0.15739727,0.0039472915,7839.299417972565,2.256891565112641,16,350314,32.620308,64.575,7225,0.15739727
0.8975892663002014,0.0,0.1644296,0.0039049117,7862.028948545456,2.1902588260267972,18,351368,32.617004,63.25,7243,0.1644296
0.9311426803469658,0.0,0.16597047,0.0043166196,7885.071440458298,2.193197490854291,16,352384,32.605663,62.25,7259,0.16597047
0.834505170583725,0.0,0.16982138,0.0040656617,7907.948276281357,2.2230237073256505,14,353392,32.601566,66.2,7273,0.16982138
0.8901960030198097,0.0,0.15722863,0.0040560625,7930.459622383118,2.2322396356381957,15,354365,32.596905,66.25,7288,0.15722863
0.8916703686118126,0.0,0.15953425,0.0038304166,7953.498085975647,2.1231165226863657,18,355396,32.58589,63.125,7306,0.15953425
0.8719253689050674,0.0,0.15973505,0.0038975163,7976.035358667374,2.1764637242960996,16,356427,32.585438,62.425,7322,0.15973505
0.8822973817586899,0.0,0.1586555,0.0039987587,7998.857235431671,2.2568549768468693,15,357449,32.57954,66.05,7337,0.1586555
0.9135887175798416,0.0,0.16027156,0.00379943,8021.611463546753,2.347035821904282,15,358496,32.57318,66.825,7352,0.16027156
0.8235762119293213,0.0,0.37462395,0.014226893,8044.320407152176,2.2832148363100995,15,359521,32.566658,69.1,7367,0.37462395
0.8500105887651443,0.0,0.1629776,0.003759875,8067.081480979919,2.3486109559398507,15,360503,32.56152,67.975,7382,0.1629776
0.8751978948712349,0.0,0.1566386,0.0041023702,8090.013282299042,2.386860162993021,18,361558,32.55932,62.725,7400,0.1566386
0.8598644137382507,0.0,0.17656335,0.0043618185,8112.774827003479,2.481374110295003,14,362589,32.55547,65.55,7414,0.17656335
0.8529285043478012,0.0,0.15720728,0.0038625395,8135.669276714325,2.4165870923178576,16,363682,32.55219,67.925,7430,0.15720728
0.8794768005609512,0.0,0.15914309,0.0037713642,8158.509274959564,2.2888333004089056,17,364708,32.55176,64.825,7447,0.15914309
0.9121868014335632,0.0,0.16594352,0.0040000593,8181.253616094589,2.367908059663675,14,365680,32.541443,64.8,7461,0.16594352
0.9247534722089767,0.0,0.15287146,0.0038371885,8204.202224969864,2.291427067130054,16,366698,32.537907,64.2,7477,0.15287146
0.887998417019844,0.0,0.42517745,0.014730486,8227.187299251556,2.1711508234647114,17,367742,32.536564,63.625,7494,0.42517745
0.8676521331071854,0.0,0.16331998,0.0039622895,8249.930409193039,2.0184371010857225,15,368692,32.533207,63.725,7509,0.16331998
0.865327462553978,0.0,0.15192354,0.0038429839,8273.001866340637,2.115702606976624,16,369712,32.52886,62.975,7525,0.15192354
0.8656817376613617,0.0,0.14959875,0.0039063203,8295.82641363144,2.144665547849365,17,370725,32.52708,63.275,7542,0.14959875
0.8634877949953079,0.0,0.1666725,0.0039161197,8318.61392378807,2.012111576457507,14,371735,32.52241,66.325,7556,0.1666725
0.8969777897000313,0.0,0.16622487,0.003860086,8341.700434446335,2.0442532079758786,16,372737,32.511955,65.625,7572,0.16622487
0.8909542709589005,0.0,0.15833381,0.003863554,8364.521376371384,2.297041014294122,15,373718,32.512432,64.75,7587,0.15833381
0.9055434688925743,0.0,0.3167797,0.014512688,8387.38163614273,2.2571109017900772,16,374725,32.502934,63.05,7603,0.3167797
0.8790542706847191,0.0,0.16968119,0.003972085,8410.35656118393,2.2999917245037347,14,375704,32.497322,66.55,7617,0.16968119
0.7497925162315369,0.0,0.35267577,0.014762877,8433.342235088348,2.108660361965735,13,376634,32.487984,68.75,7630,0.35267577
0.9036534205079079,0.0,0.16074662,0.0038059684,8456.268142223358,2.2172105761499714,17,377669,32.486023,64.95,7647,0.16074662
0.8794349581003189,0.0,0.15627901,0.0038595875,8479.22481226921,2.2034347141363004,16,378691,32.478764,64.875,7663,0.15627901
0.8684244751930237,0.0,0.15841581,0.003911125,8502.231172561646,2.1339207824797315,17,379720,32.468266,62.425,7680,0.15841581
0.8633170276880264,0.0,0.15355362,0.004038196,8525.217621564865,2.1098939093433673,17,380767,32.462643,61.6,7697,0.15355362
0.8580187261104584,0.0,0.17612045,0.003867078,8548.196737766266,2.2171844127443068,15,381808,32.458004,63.65,7712,0.17612045
0.8836064040660858,0.0,0.1619444,0.0039891014,8570.856148719788,2.302021635609987,15,382836,32.456238,66.225,7727,0.1619444
0.8509600609540939,0.0,0.15956628,0.0039042202,8593.850094079971,2.398519434245847,13,383821,32.44928,71.25,7740,0.15956628
0.8611179739236832,0.0,0.16342449,0.0038154526,8616.489324569702,2.4402113147962172,13,384796,32.445316,72.075,7753,0.16342449
0.8843430206179619,0.0,0.27321088,0.014977862,8639.367999076843,2.392901092866039,16,385846,32.43848,71.75,7769,0.27321088
0.8361708372831345,0.0,0.34795865,0.014905432,8662.568507909775,2.3034776232502336,15,386837,32.432392,69.875,7784,0.34795865
0.8995160609483719,0.0,0.167124,0.004043146,8685.412317276001,2.297969601572016,11,387790,32.424747,71.075,7795,0.167124
0.8597163259983063,0.0,0.15594605,0.003816939,8708.22775220871,2.437304248069191,16,388906,32.414547,73.575,7811,0.15594605
0.907104529440403,0.0,0.16093734,0.0037602638,8731.15537571907,2.654815411873156,14,389955,32.403316,75.55,7825,0.16093734
0.8838852718472481,0.0,0.16309491,0.003927461,8753.904053211212,2.4017931184956987,17,391027,32.399845,66.525,7842,0.16309491
0.801591545343399,0.0,0.15719095,0.0038941917,8776.789374113083,2.3397784797780443,13,391990,32.39862,68.1,7855,0.15719095
0.7750579863786697,0.0,0.41292852,0.014759934,8799.810266256332,2.309883863427268,16,393086,32.393116,68.875,7871,0.41292852
0.8504252582788467,0.0,0.16190052,0.003868002,8822.420404672623,2.360786375064797,15,394137,32.38721,71.725,7886,0.16190052
0.8769847229123116,0.0,0.15465003,0.004304764,8845.207605361938,2.2872867276363897,14,395164,32.379456,69.475,7900,0.15465003
0.9154642671346664,0.0,0.15671685,0.0039166855,8868.015942335129,2.4524779587962486,15,396216,32.37567,71.75,7915,0.15671685
0.9002936705946922,0.0,0.15470254,0.003863467,8890.595967292786,2.398032592860704,15,397217,32.37006,69.275,7930,0.15470254
0.9088349491357803,0.0,0.16849412,0.00381201,8913.663835763931,2.472240907908463,15,398266,32.35493,67.475,7945,0.16849412
0.9078513979911804,0.0,0.1565546,0.0039063212,8936.321463346481,2.4469730456670313,16,399301,32.354195,67.275,7961,0.1565546
0.8745869547128677,0.0,0.18184495,0.003812459,8958.993280172348,2.3063493677252223,15,400289,32.351566,66.1,7976,0.18184495
0.87295201420784,0.0,0.17341605,0.004074135,8981.840842962265,2.291092614742528,14,401301,32.346863,66.85,7990,0.17341605
0.8808419853448868,0.0,0.1584706,0.0037527308,9004.50533246994,2.316661297398979,14,402321,32.3355,70.1,8004,0.1584706
0.9216813668608665,0.0,0.16224706,0.0041743116,9027.518461704254,2.3710040199256173,15,403368,32.333065,71.1,8019,0.16224706
0.9116128906607628,0.0,0.3220369,0.014813954,9050.426628112793,2.466223305231739,15,404418,32.330814,70.85,8034,0.3220369
0.8572498112916946,0.0,0.16881917,0.004022671,9073.228766918182,2.439763533772021,15,405455,32.320797,70.175,8049,0.16881917
0.8785979300737381,0.0,0.16105661,0.0042098537,9096.230112552643,2.3543531491923075,15,406425,32.318623,65.475,8064,0.16105661
0.8656357973814011,0.0,0.16619611,0.0039922395,9119.188877105713,2.390143074826323,14,407421,32.307392,67.975,8078,0.16619611
0.9067811891436577,0.0,0.16191712,0.0038494272,9142.01732802391,2.349596194921542,13,408386,32.29961,70.275,8091,0.16191712
0.9068619757890701,0.0,0.16454819,0.0040123705,9165.004376649857,2.5452976024640837,13,409415,32.295467,74.75,8104,0.16454819
0.9152200743556023,0.0,0.15418237,0.0037679467,9187.986196517944,2.6051403245995153,16,410454,32.28345,71.6,8120,0.15418237
0.9004354178905487,0.0,0.16236615,0.0042715557,9211.287027835846,2.5206078463736565,13,411466,32.2793,72.7,8133,0.16236615
0.8674320727586746,0.0,0.16326076,0.003991912,9234.17839217186,2.2800581838634315,14,412486,32.268997,71.4,8147,0.16326076
0.8738988786935806,0.0,0.17707561,0.0040199524,9257.160492658615,2.338534496348399,15,413482,32.26068,71.925,8162,0.17707561
0.8768385350704193,0.0,0.17473875,0.0041835485,9280.119513988495,2.389139994542507,14,414544,32.252457,72.675,8176,0.17473875
0.8659460991621017,0.0,0.16970767,0.0037945816,9302.926515102386,2.391989559478212,14,415569,32.251404,73.125,8190,0.16970767
0.8321372419595718,0.0,0.17030299,0.003996409,9325.708451271057,2.5208337921960227,14,416600,32.25166,75.05,8204,0.17030299
0.8782149255275726,0.0,0.16111192,0.004022233,9348.628897428513,2.575849419626613,13,417597,32.249508,74.8,8217,0.16111192
0.8711792230606079,0.0,0.1606321,0.0040308638,9371.596304655075,2.6624875060356326,14,418618,32.243713,75.125,8231,0.1606321
0.9007242098450661,0.0,0.18192193,0.0039999727,9394.677342414856,2.4479622112076016,15,419643,32.23854,72.375,8246,0.18192193
0.8325675129890442,0.0,0.16461578,0.0038353272,9417.585488080978,2.5685501701488684,13,420650,32.227787,72.475,8259,0.16461578
0.853936493396759,0.0,0.14968234,0.0039876,9440.482617378235,2.5577967929574528,15,421719,32.222416,72.575,8274,0.14968234
0.8664651066064835,0.0,0.16559762,0.004144621,9463.300625562668,2.5728942914056074,16,422735,32.218945,69.55,8290,0.16559762
0.849844828248024,0.0,0.16726445,0.003966852,9486.562701702118,2.3969077186698877,15,423766,32.212875,66.025,8305,0.16726445
0.8781793192028999,0.0,0.16138256,0.0038424481,9509.264461994171,2.42507899310515,16,424808,32.206295,65.6,8321,0.16138256
0.8989536836743355,0.0,0.164377,0.004065928,9532.231313228607,2.549564448190742,15,425884,32.20435,69.825,8336,0.164377
0.9019317179918289,0.0,0.35392836,0.014512973,9555.168074846268,2.549065621110472,14,426914,32.199657,70.5,8350,0.35392836
0.9143157452344894,0.0,0.15637085,0.004125735,9577.990578174591,2.5958235536850536,17,427975,32.197556,68.625,8367,0.15637085
0.8443386107683182,0.0,0.1734421,0.0037739465,9600.895179510117,2.6233760235795436,14,428957,32.192577,67.85,8381,0.1734421
0.8969688639044762,0.0,0.16481742,0.0040095896,9623.67571735382,2.5304309069703086,15,430051,32.185062,69.25,8396,0.16481742
0.8225283473730087,0.0,0.16516657,0.0040423847,9646.471272945404,2.6085375305554726,13,431103,32.183792,75.15,8409,0.16516657
0.9013407453894615,0.0,0.1774993,0.0040104715,9669.526210308075,2.528815512996909,14,432145,32.179947,75.7,8423,0.1774993
0.8855381011962891,0.0,0.1563583,0.0038465648,9692.334546089172,2.4295679182102665,15,433122,32.17432,69.9,8438,0.1563583
0.907166376709938,0.0,0.16645038,0.0038772225,9715.288984775543,2.6149798192460922,14,434140,32.165222,70.95,8452,0.16645038
0.8922370001673698,0.0,0.16136102,0.0040271254,9738.280840158463,2.5628048630818427,14,435208,32.152145,71.85,8466,0.16136102
0.8979981988668442,0.0,0.17019117,0.003829297,9761.014652967453,2.5626967893216857,15,436308,32.147648,72.85,8481,0.17019117
0.9009242802858353,0.0,0.15508309,0.003917457,9783.96514415741,2.529483764512351,15,437341,32.145313,72.175,8496,0.15508309
0.877284549176693,0.0,0.15610585,0.00420791,9806.87569308281,2.547745280817055,15,438331,32.13476,68.15,8511,0.15610585
0.8949059545993805,0.0,0.17354807,0.00404606,9829.599333524704,2.5236671233926082,15,439380,32.131546,69.325,8526,0.17354807
0.882854662835598,0.0,0.17347494,0.0037526386,9852.50985455513,2.4890642200728506,15,440452,32.126938,70.675,8541,0.17347494
0.8239041119813919,0.0,0.15907112,0.00408285,9875.617244720459,2.4628126077582726,14,441479,32.120544,71.75,8555,0.15907112
0.8870101645588875,0.0,0.16595678,0.0037595052,9898.386692762375,2.5265268878114155,14,442484,32.11352,72.6,8569,0.16595678
0.9096785858273506,0.0,0.15617481,0.0039324164,9921.352484941483,2.6561568659069024,14,443531,32.114933,73.925,8583,0.15617481
0.871848076581955,0.0,0.17760864,0.0039606737,9944.303380966187,2.7281665456509208,13,444535,32.111313,74.475,8596,0.17760864
0.8863672018051147,0.0,0.1690076,0.003991793,9967.213700056076,2.833045347868377,14,445530,32.10835,74.125,8610,0.1690076
0.8659542948007584,0.0,0.16050956,0.0038404404,9990.451486349106,2.6604801815651524,15,446521,32.10346,70.875,8625,0.16050956
0.8615769445896149,0.0,0.15804866,0.0037541746,10013.404856443405,2.4356128725751347,16,447558,32.10425,66.775,8641,0.15804866
0.8897253274917603,0.0,0.15691435,0.003841267,10036.311552286148,2.2771632359737857,17,448579,32.091263,62.425,8658,0.15691435
0.8583186268806458,0.0,0.17136708,0.0041544978,10059.30420422554,2.349287859360474,16,449614,32.07813,63.375,8674,0.17136708
0.8364053815603256,0.0,0.17158169,0.004151447,10082.046644210815,2.4112937684782003,14,450615,32.071056,65.375,8688,0.17158169
0.8963166028261185,0.0,0.14898549,0.003860964,10105.11876320839,2.587422635446997,14,451584,32.06451,67.925,8702,0.14898549
0.8815817385911942,0.0,0.15160145,0.0040817354,10128.053838014603,2.490661250626008,14,452591,32.05641,71.0,8716,0.15160145
0.8960408866405487,0.0,0.15879822,0.0038389051,10150.885090112686,2.5203758257493547,16,453612,32.047134,67.4,8732,0.15879822
0.8433755934238434,0.0,0.16496952,0.003864152,10173.839240312576,2.537915362261631,13,454599,32.040524,70.875,8745,0.16496952
0.86495441198349,0.0,0.1545093,0.0038915887,10196.810459375381,2.603893498732469,15,455631,32.029724,69.325,8760,0.1545093
0.8575307577848434,0.0,0.16278458,0.0039094966,10219.805285930634,2.6832949502370065,13,456612,32.02467,74.075,8773,0.16278458
0.8715292811393738,0.0,0.36086485,0.014910484,10242.670197486877,2.589098465048391,13,457633,32.014175,73.225,8786,0.36086485
0.8721911758184433,0.0,0.15709004,0.004103085,10265.295902967453,2.631002202927714,15,458650,32.012684,72.275,8801,0.15709004
0.8491264432668686,0.0,0.15439159,0.003870952,10288.243374824524,2.611113799416152,15,459676,32.002674,70.825,8816,0.15439159
0.8932182043790817,0.0,0.17099096,0.0040497333,10311.059692382812,2.369397443101951,16,460689,31.989992,65.4,8832,0.17099096
0.8604446053504944,0.0,0.15912412,0.0039265403,10333.762243032455,2.4018639183315935,14,461704,31.98364,69.1,8846,0.15912412
0.8732395172119141,0.0,0.17254749,0.0042921226,10356.694681167603,2.393535703547377,13,462713,31.983936,71.575,8859,0.17254749
0.9134545922279358,0.0,0.16689421,0.0040018084,10379.443863153458,2.4826805315242906,17,463722,31.973572,69.1,8876,0.16689421
0.8891676664352417,0.0,0.1589115,0.0041077966,10402.12294101715,2.422549591591428,16,464739,31.963375,63.125,8892,0.1589115
0.8719031661748886,0.0,0.16287859,0.0038898052,10424.910980463028,2.5055238448662114,13,465693,31.954638,65.475,8905,0.16287859
0.8876811787486076,0.0,0.16224435,0.0042890594,10447.9214823246,2.600448602908146,15,466736,31.950943,68.675,8920,0.16224435
0.8410842716693878,0.0,0.16797629,0.003860728,10470.67955994606,2.6617068482639437,13,467792,31.94257,74.575,8933,0.16797629
0.8626127243041992,0.0,0.16322684,0.00410051,10493.574782133102,2.7005451127998006,13,468821,31.93602,76.275,8946,0.16322684
0.8648397326469421,0.0,0.16354577,0.0042497213,10516.347521543503,2.5797356896917387,15,469814,31.933346,75.4,8961,0.16354577
0.9010133370757103,0.0,0.16412133,0.0039445767,10539.142219543457,2.4646927630521005,15,470880,31.928408,71.8,8976,0.16412133
0.7872970700263977,0.0,0.15334506,0.0041845893,10562.104755163193,2.260832437673907,18,471888,31.919872,63.125,8994,0.15334506
0.8773689642548561,0.0,0.16499925,0.00427939,10585.010301113129,2.3296952801261197,12,472857,31.911913,68.45,9006,0.16499925
0.8741743415594101,0.0,0.15740944,0.004196752,10607.934540748596,2.331604406419038,16,473902,31.902098,67.275,9022,0.15740944
0.8276002705097198,0.0,0.15913275,0.0040438063,10630.761955022812,2.537408336507721,16,474930,31.90239,69.475,9038,0.15913275
0.8876661583781242,0.0,0.17443584,0.004185681,10653.622888088226,2.550485444488685,14,475906,31.89453,67.8,9052,0.17443584
0.8903749138116837,0.0,0.1760652,0.0039053885,10676.511293649673,2.661344286230696,15,476936,31.889156,67.925,9067,0.1760652
0.8755977228283882,0.0,0.15250891,0.0039580897,10699.286143779755,2.4899543445557404,17,477957,31.87799,65.3,9084,0.15250891
0.8810884654521942,0.0,0.16011682,0.0042759916,10722.271886825562,2.5654667109594387,14,478885,31.87233,63.675,9098,0.16011682
0.9058099836111069,0.0,0.16692033,0.0038265947,10745.116666316986,2.5545416971601553,15,479864,31.86333,64.975,9113,0.16692033
0.9371551871299744,0.0,0.16421774,0.0040418305,10767.899081707,2.656136389201097,16,480917,31.85884,65.35,9129,0.16421774
0.8828213214874268,0.0,0.17704295,0.0039675133,10790.620526790619,2.507991050534735,15,481949,31.854052,65.4,9144,0.17704295
0.8762958347797394,0.0,0.16265294,0.0038169506,10813.547497272491,2.5394142162633284,15,482971,31.853504,67.8,9159,0.16265294
0.87286376953125,0.0,0.16514179,0.003933557,10836.580276966095,2.613543198008979,13,483979,31.851515,71.475,9172,0.16514179
0.8893814533948898,0.0,0.3386896,0.0145546235,10859.52318072319,2.720908929271313,14,485075,31.844969,74.4,9186,0.3386896
0.840272068977356,0.0,0.1586951,0.0042109103,10882.41337108612,2.804958213857337,15,486091,31.844437,75.0,9201,0.1586951
0.8662337809801102,0.0,0.16995338,0.0039101825,10905.378069162369,2.7552040353570653,14,487073,31.841507,71.175,9215,0.16995338
0.8943128362298012,0.0,0.15854809,0.0038796328,10928.036849021912,2.676047883524711,15,488088,31.834534,67.65,9230,0.15854809
0.8905582427978516,0.0,0.17163917,0.004451417,10951.130508422852,2.832787473627294,13,489213,31.823427,74.825,9243,0.17163917
0.8439024984836578,0.0,0.17020495,0.004038725,10974.013056993484,2.858106108423302,12,490213,31.814758,78.5,9255,0.17020495
0.8784439563751221,0.0,0.1742664,0.004066965,10997.031502008438,2.8214813783350285,13,491198,31.80986,81.125,9268,0.1742664
0.8446623682975769,0.0,0.1590791,0.0039666733,11020.035308122635,2.631183276794302,15,492238,31.806643,75.625,9283,0.1590791
0.8575973957777023,0.0,0.16699049,0.0040599983,11042.83339715004,2.65110352819854,14,493278,31.804197,71.95,9297,0.16699049
0.8595804423093796,0.0,0.15508601,0.0041726953,11066.05807352066,2.7301759315538936,14,494312,31.802975,73.4,9311,0.15508601
0.884419284760952,0.0,0.15911058,0.0039988663,11089.100821018219,2.9722914701177654,10,495319,31.790028,80.85,9321,0.15911058
0.9010221883654594,0.0,0.17232573,0.004072113,11111.844538450241,3.0407328539300407,13,496353,31.786682,81.375,9334,0.17232573
0.8420864343643188,0.0,0.15809865,0.003936857,11134.795598745346,2.994049652549704,12,497288,31.783253,82.275,9346,0.15809865
0.7940490394830704,0.0,0.16230279,0.0038999068,11157.77505159378,2.8677584067016135,14,498262,31.783463,77.25,9360,0.16230279
0.8878227025270462,0.0,0.1812273,0.0041991,11180.667590856552,2.7848225137811506,14,499353,31.776424,75.0,9374,0.1812273
0.913356252014637,0.0,0.17788872,0.0040421914,11203.866267681122,2.8963373086143553,13,500393,31.777159,76.175,9387,0.17788872
0.8972883373498917,0.0,0.16554809,0.003990785,11226.732396125793,3.057303983055378,13,501424,31.7749,79.05,9400,0.16554809
0.871399849653244,0.0,0.16182905,0.0037718066,11249.582700490952,2.899272567274395,13,502363,31.770077,76.525,9413,0.16182905
0.8407403826713562,0.0,0.17709246,0.0040152753,11272.373163223267,2.748091805983287,14,503318,31.767576,73.125,9427,0.17709246
0.8674035668373108,0.0,0.16875902,0.003919611,11295.179303407669,2.7011463887973877,15,504391,31.766115,71.275,9442,0.16875902
0.9139480441808701,0.0,0.1552118,0.003985597,11317.932430267334,2.821531217215899,14,505426,31.75763,70.95,9456,0.1552118
0.9059313461184502,0.0,0.17663673,0.004005651,11340.669907093048,2.9699196074480603,12,506447,31.75507,76.125,9468,0.17663673
0.8879428058862686,0.0,0.1670434,0.004359331,11363.31771183014,2.847826191383845,14,507460,31.75441,76.725,9482,0.1670434
0.8777026459574699,0.0,0.15490752,0.004143531,11386.106937170029,2.678997257990509,16,508483,31.747818,72.025,9498,0.15490752
0.8675600588321686,0.0,0.17461443,0.0043434147,11408.926943302155,2.676524663392819,15,509502,31.740978,66.975,9513,0.17461443
0.858523890376091,0.0,0.16226292,0.00404558,11431.608612537384,2.6456227835948987,14,510488,31.7359,67.375,9527,0.16226292
0.8804108798503876,0.0,0.15203182,0.0037756772,11454.456707000732,2.7230937555020374,14,511471,31.726805,70.575,9541,0.15203182
0.8716800063848495,0.0,0.16762017,0.0038296431,11477.468144655228,2.66894891496714,14,512457,31.717726,69.575,9555,0.16762017
0.9088472574949265,0.0,0.16305317,0.0041040047,11500.428559541702,2.824388832195825,15,513482,31.712631,68.725,9570,0.16305317
0.8317539989948273,0.0,0.15653946,0.0040225973,11523.369426965714,2.8500899478861514,15,514508,31.71503,68.8,9585,0.15653946
0.8320636600255966,0.0,0.17965293,0.004149071,11546.302201271057,2.698365636073251,16,515567,31.710888,68.275,9601,0.17965293
0.8799885362386703,0.0,0.1686647,0.0040522106,11569.188832521439,2.743153447910707,14,516621,31.705065,69.55,9615,0.1686647
0.8904131427407265,0.0,0.16226615,0.003909573,11592.07474398613,2.742146014385077,13,517618,31.702833,71.475,9628,0.16226615
0.8856953233480453,0.0,0.16314009,0.004048776,11614.80589222908,2.9309142935188044,13,518693,31.696531,78.15,9641,0.16314009
0.8605597168207169,0.0,0.16743389,0.0043020006,11637.73461484909,2.9559030660527634,14,519770,31.694323,78.725,9655,0.16743389
0.8896978795528412,0.0,0.18736988,0.0039656637,11660.648273944855,2.928579796655748,13,520782,31.684322,79.1,9668,0.18736988
0.862733468413353,0.0,0.17207792,0.004165373,11683.584152460098,2.8869331237126152,13,521783,31.682178,77.25,9681,0.17207792
0.8578289300203323,0.0,0.16094688,0.0040170383,11706.50089263916,2.8441481675959825,15,522828,31.675308,75.05,9696,0.16094688
0.9009310528635979,0.0,0.16861852,0.003916157,11729.447021245956,2.7852178336532205,16,523851,31.662613,69.125,9712,0.16861852
0.8933313190937042,0.0,0.16008338,0.004013357,11752.295996665955,2.78392846378517,14,524951,31.65356,71.35,9726,0.16008338
0.881665788590908,0.0,0.16365936,0.0039236336,11775.137631177902,2.745180635475098,13,525933,31.64766,72.55,9739,0.16365936
0.8469256460666656,0.0,0.15872154,0.0039610453,11798.074645996094,2.995269147349279,13,526955,31.637989,77.6,9752,0.15872154
0.808848649263382,0.0,0.15889049,0.0038974066,11820.959912538528,3.0475151046600537,11,527964,31.632572,80.2,9763,0.15889049
0.8926732763648033,0.0,0.17041352,0.0043730102,11844.031723976135,3.0883243870765495,14,528945,31.627499,80.05,9777,0.17041352
0.869696244597435,0.0,0.18946688,0.004268359,11867.03261756897,2.908105941487661,14,529994,31.621597,77.775,9791,0.18946688
0.8553151041269302,0.0,0.16085464,0.0038969321,11890.012527227402,3.004658739440774,13,531013,31.621876,74.425,9804,0.16085464
0.8745715618133545,0.0,0.16689193,0.0043765716,11913.003083467484,3.0432556020853445,15,532086,31.619688,73.8,9819,0.16689193
0.9024620354175568,0.0,0.15535867,0.004210394,11935.850271701813,3.0003191181020767,15,533171,31.617184,72.45,9834,0.15535867
0.8757349699735641,0.0,0.17886224,0.004198215,11958.87518787384,2.9231033300725544,15,534236,31.616505,72.125,9849,0.17886224
0.9045067578554153,0.0,0.3271876,0.014738617,11981.761869192123,2.8941062928597687,14,535230,31.60712,71.525,9863,0.3271876
0.8663833886384964,0.0,0.18745606,0.0038777771,12004.734761714935,3.037430026004756,14,536254,31.598438,72.675,9877,0.18745606
0.836209312081337,0.0,0.16886938,0.0040215757,12027.697343587875,2.9398193651522684,13,537264,31.590317,73.5,9890,0.16886938
0.8746602982282639,0.0,0.15470833,0.004169127,12050.61049580574,2.912802709481992,15,538273,31.583204,72.9,9905,0.15470833
0.8717217445373535,0.0,0.17544895,0.004095258,12073.497851133347,2.860242480711995,12,539300,31.574722,76.15,9917,0.17544895
0.8292922228574753,0.0,0.160248,0.0038077838,12096.516069412231,2.884940668414547,15,540326,31.576847,72.65,9932,0.160248
0.880504310131073,0.0,0.17277214,0.0041905446,12119.35862159729,2.9263087690837093,13,541280,31.572313,75.175,9945,0.17277214
0.8858725726604462,0.0,0.17025858,0.0040535405,12142.334827661514,2.8620554166979275,14,542315,31.570862,71.35,9959,0.17025858
0.8534148633480072,0.0,0.16341883,0.004362297,12165.15387225151,2.7476502305284285,13,543336,31.577087,75.25,9972,0.16341883
0.9243886172771454,0.0,0.16161224,0.004178039,12187.915292263031,2.901049397706589,13,544350,31.574999,76.75,9985,0.16161224
0.8876818865537643,0.0,0.16883573,0.004261751,12210.612741708755,2.9416702826840027,14,545361,31.574474,76.15,9999,0.16883573
0.8968780860304832,0.0,0.16706371,0.003976348,12233.403971910477,3.0325302988000593,15,546380,31.567137,73.25,10014,0.16706371
0.8915374651551247,0.0,0.16155645,0.0037961348,12256.083842039108,2.889127661294077,13,547406,31.562073,72.825,10027,0.16155645
0.873134195804596,0.0,0.16790067,0.004367872,12278.894546747208,2.7322554796743264,13,548410,31.558334,74.275,10040,0.16790067
0.861493855714798,0.0,0.17449035,0.003911239,12301.812607049942,2.615091001777017,14,549372,31.556202,74.8,10054,0.17449035
0.9074964597821236,0.0,0.16180211,0.00393539,12324.73280620575,2.4281029152907623,16,550366,31.548582,68.05,10070,0.16180211
0.8322069197893143,0.0,0.16723123,0.0042275125,12347.581104516983,2.508046695694934,14,551397,31.547867,68.975,10084,0.16723123
0.9055532142519951,0.0,0.16226736,0.004007672,12370.493039608002,2.6418624636329597,14,552355,31.549255,67.95,10098,0.16226736
0.8774858340620995,0.0,0.18493399,0.0039587105,12393.333283185959,2.996271926626572,11,553384,31.546677,77.05,10109,0.18493399
0.901803582906723,0.0,0.1627138,0.003942387,12416.271913290024,2.9900496106755825,14,554374,31.544693,76.675,10123,0.1627138
0.9058668985962868,0.0,0.16647185,0.0041533,12439.078193187714,3.014247073656719,14,555372,31.535694,77.05,10137,0.16647185
0.8924510478973389,0.0,0.16777186,0.004234939,12462.023962497711,2.86937799693347,14,556385,31.530027,72.6,10151,0.16777186
0.8826009407639503,0.0,0.15432861,0.004224159,12484.830067873001,2.807321805876616,15,557387,31.525448,70.325,10166,0.15432861
0.8505026698112488,0.0,0.20458975,0.003967498,12507.746660709381,2.754292699922247,14,558425,31.521011,69.725,10180,0.20458975
0.8359773606061935,0.0,0.1648507,0.0040261615,12530.493582963943,2.7248374850880355,14,559451,31.523424,71.2,10194,0.1648507
0.8705295026302338,0.0,0.1849366,0.0044539208,12553.210644245148,2.9263637745184137,11,560458,31.516356,79.8,10205,0.1849366
0.8776714131236076,0.0,0.18133537,0.004215637,12575.93195104599,3.0251936892761884,12,561445,31.512638,79.8,10217,0.18133537
0.8640208691358566,0.0,0.16508545,0.0040167407,12598.722832679749,3.025221853192516,13,562469,31.506283,82.775,10230,0.16508545
0.8089963495731354,0.0,0.17546049,0.0040458976,12621.570894479752,3.0495935989249756,12,563456,31.502245,81.45,10242,0.17546049
0.8742625415325165,0.0,0.16943151,0.004263039,12644.153127670288,2.928304836010398,14,564367,31.499012,76.2,10256,0.16943151
0.8442958146333694,0.0,0.18962234,0.0044239284,12666.903681516647,2.96090516833594,12,565429,31.492735,80.25,10268,0.18962234
0.8117584437131882,0.0,0.16687295,0.004023576,12689.812149763107,2.937602906809927,14,566438,31.488586,74.55,10282,0.16687295
0.8804208934307098,0.0,0.17102833,0.004048003,12712.555805444717,2.953485262070627,13,567440,31.486387,78.575,10295,0.17102833
0.8640110492706299,0.0,0.15336508,0.004225266,12735.438502788544,2.7939888503621564,14,568458,31.482119,74.125,10309,0.15336508
0.8377546072006226,0.0,0.16397485,0.004027855,12758.104580163956,2.7466821772970533,13,569479,31.475845,76.025,10322,0.16397485
0.8986602053046227,0.0,0.16390656,0.004157763,12780.897053480148,2.858281863430141,15,570557,31.473629,74.9,10337,0.16390656
0.9057658240199089,0.0,0.18258077,0.0039355406,12803.746041536331,2.9454803640196183,14,571578,31.471926,74.5,10351,0.18258077
0.8757874667644501,0.0,0.16321701,0.0039764238,12826.547170162201,3.061335633644863,13,572603,31.467272,74.85,10364,0.16321701
0.8788685500621796,0.0,0.16515501,0.0041175024,12849.354866981506,2.9963433568508213,15,573670,31.45607,73.4,10379,0.16515501
0.9341221153736115,0.0,0.1694361,0.0040517496,12872.234769105911,3.1074281240092474,15,574745,31.455019,72.975,10394,0.1694361
0.8781611919403076,0.0,0.1516946,0.0041060206,12894.961223840714,3.085860687281963,14,575703,31.45098,70.775,10408,0.1516946
0.8840604349970818,0.0,0.16336156,0.0038816596,12917.816900968552,3.1053670676145337,14,576712,31.44481,71.25,10422,0.16336156
0.9148508533835411,0.0,0.16609311,0.0041511897,12940.374380350113,3.116385603342554,13,577779,31.440859,74.45,10435,0.16609311
0.8573813885450363,0.0,0.17221138,0.0040777205,12963.011459112167,3.1061462186595667,13,578763,31.433298,76.5,10448,0.17221138
0.8758846074342728,0.0,0.16771215,0.004126086,12985.814338445663,3.1026266177773207,14,579818,31.424746,77.65,10462,0.16771215
0.873250812292099,0.0,0.16772717,0.004168448,13008.641797304153,3.0333787195196416,14,580815,31.416212,74.075,10476,0.16772717
0.832843229174614,0.0,0.16296168,0.004228326,13031.328158378601,2.9009695393127517,14,581829,31.410656,73.575,10490,0.16296168
0.896574929356575,0.0,0.16758402,0.0039878045,13053.904940843582,2.919001125579697,13,582847,31.406252,74.025,10503,0.16758402
0.8710028827190399,0.0,0.17685477,0.0043677096,13076.475727558136,2.985736685923276,13,583909,31.399355,77.35,10516,0.17685477
0.902812123298645,0.0,0.160862,0.0041664727,13100.006399154663,3.1066058363367035,14,584938,31.389587,77.725,10530,0.160862
0.911376528441906,0.0,0.17868996,0.0041769566,13122.867834329605,2.8751065666501496,15,585913,31.384779,73.125,10545,0.17868996
0.8394900262355804,0.0,0.16003515,0.0038954816,13145.605173587799,2.7755087497336985,16,586948,31.375015,67.95,10561,0.16003515
0.8506626486778259,0.0,0.17302749,0.0038603337,13168.403691768646,2.8466864707299764,14,587953,31.369432,67.7,10575,0.17302749
0.8801697492599487,0.0,0.15435746,0.0041198907,13190.992707967758,2.8838949813495316,15,588985,31.362318,69.35,10590,0.15435746
0.8741182088851929,0.0,0.16510668,0.004232465,13213.69240808487,2.925054643400023,13,590073,31.353819,74.775,10603,0.16510668
0.8507757633924484,0.0,0.17955141,0.004266943,13236.638181686401,2.9611154692308888,14,591134,31.35283,76.575,10617,0.17955141
0.863304391503334,0.0,0.17133014,0.004323804,13259.324959039688,2.9894040479357065,12,592108,31.344791,80.625,10629,0.17133014
0.8523398339748383,0.0,0.17074046,0.004299553,13281.866050958633,3.0105932033889284,11,593064,31.339407,81.35,10640,0.17074046
0.8577956855297089,0.0,0.16023038,0.004399856,13304.552263259888,3.0580850117910776,12,594029,31.336166,84.4,10652,0.16023038
0.9064882025122643,0.0,0.16695136,0.0041584447,13327.373310089111,3.055860023377046,13,595057,31.325207,82.225,10665,0.16695136
0.9161846935749054,0.0,0.18019137,0.0044175265,13350.077578783035,3.110673366986042,12,596067,31.324451,79.45,10677,0.18019137
0.8504971712827682,0.0,0.17995362,0.004212698,13372.83293557167,3.1172490053792057,11,597045,31.32379,82.025,10688,0.17995362
0.9037789106369019,0.0,0.1745651,0.0042829784,13395.528522729874,3.1582306594669896,15,598063,31.317822,80.625,10703,0.1745651
0.8670796453952789,0.0,0.1616072,0.0040525906,13418.268456697464,2.81738867063289,15,599106,31.311327,73.375,10718,0.1616072
0.8602810353040695,0.0,0.18847255,0.004188273,13441.09736609459,2.7973689470659036,13,600127,31.30687,72.375,10731,0.18847255
0.8877471908926964,0.0,0.17718779,0.0043201647,13463.973232507706,3.002577054800657,12,601182,31.302187,77.975,10743,0.17718779
0.8645685464143753,0.0,0.16419913,0.0040031676,13486.684218883514,3.1436577047134167,12,602216,31.29272,82.85,10755,0.16419913
0.8784647509455681,0.0,0.19039708,0.0041772835,13509.447896242142,3.1675446906106286,14,603317,31.288513,83.675,10769,0.19039708
0.9069748073816299,0.0,0.16708118,0.0044963015,13532.084335803986,3.16749261774117,12,604405,31.285694,84.75,10781,0.16708118
0.9241775125265121,0.0,0.16182691,0.00402561,13554.945120573044,3.07544180523563,15,605423,31.277357,77.85,10796,0.16182691
0.847372829914093,0.0,0.1564858,0.004251662,13577.762741565704,2.9946816299767263,14,606488,31.276356,76.15,10810,0.1564858
0.8626641631126404,0.0,0.15978464,0.0042352076,13600.80053782463,3.030856635902712,14,607458,31.276182,70.55,10824,0.15978464
0.8956324756145477,0.0,0.16207221,0.0042071417,13623.774875879288,2.9731597454806256,15,608532,31.271988,71.625,10839,0.16207221
0.8667819648981094,0.0,0.17820208,0.004273343,13646.625535964966,3.058223241654025,13,609545,31.268559,73.7,10852,0.17820208
0.8842258751392365,0.0,0.18631724,0.0043058307,13669.367974758148,2.8825024248672406,13,610505,31.261234,73.9,10865,0.18631724
0.8662156909704208,0.0,0.17961714,0.00429284,13692.075581789017,3.0553146330894387,14,611562,31.25751,75.75,10879,0.17961714
0.8880532383918762,0.0,0.17397524,0.004494127,13714.853245258331,2.99608252469032,15,612578,31.259518,73.275,10894,0.17397524
0.8641286939382553,0.0,0.16744924,0.004039619,13737.697491884232,3.021587610411469,14,613597,31.25975,71.95,10908,0.16744924
0.9205014109611511,0.0,0.1580956,0.004000241,13760.661273956299,3.0100080553396054,14,614635,31.258593,71.925,10922,0.1580956
0.875338114798069,0.0,0.162414,0.004123071,13783.351834058762,2.943057053029567,15,615631,31.248962,71.125,10937,0.162414
0.881870225071907,0.0,0.16414398,0.0039656004,13806.002271413803,3.1374433599169564,12,616663,31.239197,74.625,10949,0.16414398
0.8879996612668037,0.0,0.16800591,0.0041076345,13828.636296510696,2.9461642713250114,14,617696,31.236326,74.525,10963,0.16800591
0.912984125316143,0.0,0.17119136,0.004231565,13851.281200408936,3.172526181456529,12,618743,31.22728,81.075,10975,0.17119136
0.9067318364977837,0.0,0.20560572,0.0043441704,13873.890703201294,3.009279574488104,14,619800,31.226822,78.425,10989,0.20560572
0.8243178278207779,0.0,0.18097988,0.0042434875,13896.54476594925,3.0685185468321023,14,620781,31.221678,77.125,11003,0.18097988
0.8970014527440071,0.0,0.16673854,0.0038196123,13919.202542304993,2.776900609359784,16,621796,31.215086,70.025,11019,0.16673854
0.9054176136851311,0.0,0.17148042,0.004315843,13941.833250045776,2.8241194985081415,13,622819,31.209412,70.6,11032,0.17148042
0.8617591708898544,0.0,0.15863605,0.004017237,13964.54665350914,2.941007703563478,16,623880,31.204882,67.85,11048,0.15863605
0.8496523201465607,0.0,0.16968189,0.003943919,13987.226806402206,3.0644499073574423,12,624900,31.20654,74.775,11060,0.16968189
0.8920809328556061,0.0,0.20296381,0.0043058116,14009.930265426636,2.945676783276512,15,625966,31.20244,72.85,11075,0.20296381
0.9086344540119171,0.0,0.15789437,0.004222269,14032.649444818497,2.923455775622176,16,627017,31.193798,71.3,11091,0.15789437
0.8816828280687332,0.0,0.18307176,0.0043244213,14055.383136034012,2.990839938584041,13,628025,31.19189,70.4,11104,0.18307176
0.9017639756202698,0.0,0.16523671,0.0042943154,14077.887077331543,3.004257652976179,13,629015,31.180906,72.8,11117,0.16523671
0.8627697378396988,0.0,0.19023973,0.004600835,14100.660554409027,3.1358678892722387,11,630014,31.1797,80.45,11128,0.19023973
0.8690887093544006,0.0,0.17847505,0.004207582,14123.373909235,3.1885713906839555,14,631076,31.176285,79.475,11142,0.17847505
0.8645252734422684,0.0,0.16230142,0.004338963,14146.10576748848,3.245404613665378,12,632103,31.168198,82.3,11154,0.16230142
0.8685083240270615,0.0,0.1745842,0.004235952,14168.906676530838,3.305741360892637,12,633106,31.163269,82.7,11166,0.1745842
0.8498215526342392,0.0,0.17025575,0.0043138703,14191.761058807373,3.3046465579277724,13,634162,31.15581,82.025,11179,0.17025575
0.86309514939785,0.0,0.19016601,0.0041961516,14214.469997644424,3.435869468431032,11,635122,31.155457,84.8,11190,0.19016601
0.8605087548494339,0.0,0.17342713,0.0045266207,14237.33498287201,3.0064800328252206,17,636180,31.145506,74.3,11207,0.17342713
0.889288954436779,0.0,0.17782897,0.0043051895,14260.064757347107,2.9465245152224773,14,637217,31.143984,72.6,11221,0.17782897
0.8478691577911377,0.0,0.16789334,0.004275051,14282.812444210052,3.0536624155747796,12,638235,31.137999,73.75,11233,0.16789334
0.8347363024950027,0.0,0.17217264,0.004494778,14305.699193954468,3.225711529931502,14,639253,31.133104,76.825,11247,0.17217264
0.8529543280601501,0.0,0.15226571,0.004460861,14328.416311264038,3.1163696687918745,15,640305,31.129654,75.325,11262,0.15226571
0.8886536359786987,0.0,0.17375869,0.004286872,14351.191437244415,3.085919300638279,13,641313,31.124008,73.7,11275,0.17375869
0.7893334180116653,0.0,0.15631056,0.004200364,14374.108620166779,2.83412131696792,15,642340,31.117004,72.075,11290,0.15631056
0.9193502962589264,0.0,0.17271355,0.003998449,14396.742026805878,2.897960046927119,14,643384,31.110292,72.775,11304,0.17271355
0.8880596607923508,0.0,0.17102167,0.0044880905,14419.541926145554,2.802081301739917,12,644347,31.108822,73.875,11316,0.17102167
0.8964525833725929,0.0,0.15860255,0.004005735,14442.35325884819,2.82183166472836,15,645284,31.10181,70.325,11331,0.15860255
0.8824668377637863,0.0,0.14960152,0.004057551,14465.006247520447,2.861285456654513,13,646242,31.098862,71.45,11344,0.14960152
0.8782397732138634,0.0,0.16341886,0.0043107616,14487.862802267075,2.665818716112493,16,647274,31.096252,67.925,11360,0.16341886
0.891293115913868,0.0,0.17538081,0.004130154,14510.513089895248,2.889332969750786,14,648323,31.087631,70.025,11374,0.17538081
0.9154721274971962,0.0,0.17767987,0.004294308,14533.158092021942,3.0664718501611086,12,649352,31.085146,74.325,11386,0.17767987
0.8326785415410995,0.0,0.17123923,0.004377393,14556.08584189415,3.4571158496109198,12,650410,31.072994,81.7,11398,0.17123923
0.8889593034982681,0.0,0.15961298,0.0041507576,14578.736740112305,3.371640208808221,13,651428,31.067324,84.775,11411,0.15961298
0.857411727309227,0.0,0.16417275,0.0041740434,14601.531450033188,3.2922201441424703,13,652448,31.060305,81.775,11424,0.16417275
0.8575585037469864,0.0,0.18053006,0.0042555295,14624.346871614456,3.0011803915596404,14,653464,31.05275,76.35,11438,0.18053006
0.8580797016620636,0.0,0.16639608,0.004010169,14647.007340431213,3.15943553748846,13,654511,31.04884,77.075,11451,0.16639608
0.8188179433345795,0.0,0.17849538,0.0043433094,14669.87205028534,3.1277838464768335,13,655514,31.048887,76.65,11464,0.17849538
0.8875183314085007,0.0,0.17197077,0.0042583914,14692.52918958664,3.052015658709506,15,656525,31.044937,73.525,11479,0.17197077
0.8937744647264481,0.0,0.15908882,0.0040012086,14715.007378101349,2.921576078356053,14,657558,31.046616,72.1,11493,0.15908882
0.9319113045930862,0.0,0.1819693,0.0044043707,14737.642605781555,3.1022416164565843,11,658540,31.04224,75.65,11504,0.1819693
0.8472409546375275,0.0,0.17263678,0.0040522795,14760.328080177307,3.208848097540264,13,659579,31.034607,79.125,11517,0.17263678
0.8584886491298676,0.0,0.16947472,0.0043226574,14782.968299150467,3.1911323767107986,14,660611,31.029312,79.525,11531,0.16947472
0.8778621777892113,0.0,0.17544703,0.0041565625,14805.78595328331,3.077576507305205,13,661670,31.02704,78.25,11544,0.17544703
0.888818547129631,0.0,0.17008871,0.0043065334,14828.400567770004,3.041305454898049,13,662673,31.022465,77.35,11557,0.17008871
0.8896839320659637,0.0,0.17184229,0.0041619525,14851.029439210892,3.0633742977694163,13,663614,31.016308,77.025,11570,0.17184229
0.9230521023273468,0.0,0.18402709,0.0043276534,14873.790818214417,3.1196259017867627,13,664632,31.007128,75.0,11583,0.18402709
0.8317304253578186,0.0,0.17617208,0.0041557234,14896.661857843399,3.213752353531787,13,665656,31.004154,76.275,11596,0.17617208
0.8357877880334854,0.0,0.17239171,0.0043164482,14919.436201572418,3.365244554057347,12,666669,31.000484,79.225,11608,0.17239171
0.8712606132030487,0.0,0.17625342,0.0040620808,14942.267154693604,3.49781751286404,14,667734,30.997066,79.325,11622,0.17625342
0.8619075417518616,0.0,0.1814763,0.0040907357,14964.904488801956,3.595126951590687,11,668760,30.995348,82.825,11633,0.1814763
0.8989197388291359,0.0,0.16483143,0.004259767,14987.647449731827,3.4926074004025622,14,669779,30.984568,79.35,11647,0.16483143
0.9344320371747017,0.0,0.1630266,0.004288871,15010.498369455338,3.2928099237723343,14,670782,30.978823,77.875,11661,0.1630266
0.8817076310515404,0.0,0.17167841,0.0040569855,15033.187693834305,3.161686420332607,14,671852,30.972898,73.575,11675,0.17167841
0.8893826603889465,0.0,0.16742182,0.004080803,15055.905435800552,3.2258360874493697,14,672913,30.969923,75.075,11689,0.16742182
0.8712350726127625,0.0,0.16867104,0.0041521345,15078.699159860611,3.3046352861863193,14,673979,30.97194,75.175,11703,0.16867104
0.8517014682292938,0.0,0.1702855,0.004215205,15101.396890878677,3.4279677429216497,13,675040,30.96504,77.325,11716,0.1702855
0.8717747330665588,0.0,0.17747585,0.0041434434,15124.158777475357,3.3808286894990274,14,676042,30.96068,75.9,11730,0.17747585
0.8780353367328644,0.0,0.19138885,0.003986289,15146.884093761444,3.244001841248772,15,677074,30.95729,73.525,11745,0.19138885
0.8775112703442574,0.0,0.18718901,0.0041127456,15169.51253938675,3.0891617842082835,15,678159,30.94708,71.75,11760,0.18718901
0.9087147861719131,0.0,0.20496884,0.0041987463,15192.306164503098,3.166084256023058,12,679132,30.946762,74.125,11772,0.20496884
0.889485128223896,0.0,0.17161503,0.0040477486,15215.048840284348,3.1283389181575445,15,680194,30.942886,73.25,11787,0.17161503
0.8318991512060165,0.0,0.17398322,0.0044112457,15237.920714378357,3.2446393668910694,10,681198,30.939756,82.375,11797,0.17398322
0.8142687976360321,0.0,0.1664232,0.0042022644,15260.90129494667,3.1196997587872612,14,682233,30.937014,79.3,11811,0.1664232
0.8539077341556549,0.0,0.17659849,0.004186765,15283.641216993332,3.1619065483069697,12,683224,30.932863,81.575,11823,0.17659849
0.8850902542471886,0.0,0.17906792,0.004480856,15306.398206710815,3.2317272389889085,13,684263,30.9243,77.6,11836,0.17906792
0.8998885527253151,0.0,0.16519937,0.0042229146,15329.250182628632,3.2916314520543892,14,685277,30.920408,78.825,11850,0.16519937
0.8602792322635651,0.0,0.17686722,0.0041304333,15351.862788438797,3.2629574730278357,14,686266,30.912903,74.85,11864,0.17686722
0.8727693110704422,0.0,0.18855411,0.0045527723,15374.715278148651,3.204920176746937,12,687229,30.907486,74.15,11876,0.18855411
0.8686631768941879,0.0,0.1952859,0.00425521,15397.578360557556,3.265527869667345,13,688287,30.902359,76.8,11889,0.1952859
0.8894124254584312,0.0,0.1664088,0.0039560776,15420.072650194168,3.0640435428618833,14,689314,30.899662,78.225,11903,0.1664088
0.8636279255151749,0.0,0.16542353,0.0042662406,15442.724028587341,3.0401184173694036,13,690336,30.892574,77.675,11916,0.16542353
0.7802410572767258,0.0,0.16979498,0.004091114,15465.232165813446,3.051645169141595,13,691285,30.88721,74.95,11929,0.16979498
0.87765172123909,0.0,0.1634997,0.004277835,15487.790645837784,2.9802332180720024,16,692300,30.88384,69.475,11945,0.1634997
0.8754220083355904,0.0,0.16957858,0.003978249,15510.525709629059,3.1639524348254056,12,693360,30.87233,73.35,11957,0.16957858
0.8778209537267685,0.0,0.16875702,0.004079004,15533.215584278107,3.2265169213838485,13,694371,30.869398,74.875,11970,0.16875702
0.8293841332197189,0.0,0.17498504,0.0043797037,15555.888494729996,3.5231857172177157,13,695402,30.866652,81.025,11983,0.17498504
0.8868680596351624,0.0,0.1712752,0.0042205956,15578.730290412903,3.561625081688283,12,696463,30.8631,81.8,11995,0.1712752
0.9133208617568016,0.0,0.17397878,0.0041484013,15601.324950933456,3.3904683567843312,14,697460,30.860157,79.175,12009,0.17397878
0.9138502776622772,0.0,0.17985569,0.0042912946,15624.094094276428,3.340846424326395,13,698529,30.849361,80.7,12022,0.17985569
0.8889590874314308,0.0,0.17018136,0.0043808287,15646.907184123993,3.066812226244658,13,699548,30.845463,77.125,12035,0.17018136
0.8899019509553909,0.0,0.16700344,0.004056284,15669.503052949905,3.3035103984690997,13,700624,30.838682,80.8,12048,0.16700344
0.8683603703975677,0.0,0.17977273,0.0039903894,15692.261620521545,3.3992485780748884,12,701647,30.835209,82.3,12060,0.17977273
0.8429673761129379,0.0,0.15509027,0.0040260144,15715.028165578842,3.398342313380789,13,702695,30.83104,82.475,12073,0.15509027
0.8524827063083649,0.0,0.16943192,0.0040752725,15737.687258720398,3.0935600149071725,12,703727,30.823473,83.325,12085,0.16943192
0.8830556198954582,0.0,0.17093518,0.0041092206,15760.482162237167,2.970213999613538,14,704729,30.824461,79.975,12099,0.17093518
0.8953696638345718,0.0,0.17402013,0.004173626,15783.187464475632,3.0621741592432583,12,705734,30.819351,79.05,12111,0.17402013
0.9136327803134918,0.0,0.17226827,0.0046519917,15805.859857797623,3.3023292898720427,14,706827,30.819641,77.5,12125,0.17226827
0.8322281092405319,0.0,0.17283395,0.0042487667,15828.632981777191,3.1073621205988315,15,707846,30.81299,75.05,12140,0.17283395
0.8592734187841415,0.0,0.1900534,0.0041803136,15851.291490793228,3.061433622679384,13,708860,30.8061,73.075,12153,0.1900534
0.8845546320080757,0.0,0.16710013,0.004178515,15874.10230064392,3.1208615841350267,13,709862,30.805422,74.175,12166,0.16710013
0.8538762181997299,0.0,0.16611731,0.004231815,15896.988489866257,3.179033392594655,13,710869,30.799376,76.95,12179,0.16611731
0.8586744219064713,0.0,0.1794008,0.0044700764,15919.649691343307,3.1948452551924524,11,711846,30.799755,79.575,12190,0.1794008
0.8940244317054749,0.0,0.16284603,0.004118913,15942.242058038712,3.347103735353643,11,712817,30.788815,83.4,12201,0.16284603
0.8751763105392456,0.0,0.16840643,0.0042102216,15965.002545595169,3.192315317876181,15,713835,30.785875,78.9,12216,0.16840643
0.8732089698314667,0.0,0.16122559,0.0042623524,15987.867135047913,3.2754471964285345,13,714801,30.78029,76.725,12229,0.16122559
0.7981813549995422,0.0,0.18700346,0.0043631704,16010.760698318481,3.335618450878539,10,715787,30.777605,78.25,12239,0.18700346
0.8648623526096344,0.0,0.17248577,0.004379285,16033.720727443695,3.559583386736835,12,716860,30.771437,85.375,12251,0.17248577
0.8957976177334785,0.0,0.1675881,0.0042698905,16056.523901224136,3.562526219494866,14,717921,30.76581,84.975,12265,0.1675881
0.846770852804184,0.0,0.17088613,0.004123048,16079.136117458344,3.329362042086033,12,718938,30.75812,82.75,12277,0.17088613
0.9064561575651169,0.0,0.18697262,0.00446734,16101.56608748436,3.292621457708033,13,719977,30.756588,80.375,12290,0.18697262
0.8380269259214401,0.0,0.17716657,0.004330379,16124.246834278107,3.1787375873088894,12,720937,30.755568,80.725,12302,0.17716657
0.9027380421757698,0.0,0.17331389,0.004290109,16146.723521232605,3.231717817530509,13,721943,30.744581,79.475,12315,0.17331389
0.8735249191522598,0.0,0.18590018,0.0043106223,16169.368969678879,3.3909020967615318,12,723009,30.740664,82.975,12327,0.18590018
0.8930710703134537,0.0,0.16972752,0.0042365007,16192.050806999207,3.4865776027941635,14,724052,30.736021,80.025,12341,0.16972752
0.8341979682445526,0.0,0.16879167,0.0043099048,16214.697712421417,3.4760060435835505,12,725014,30.734571,81.1,12353,0.16879167
0.8880712315440178,0.0,0.17151171,0.0043762354,16237.503137111664,3.3905200538906897,11,725951,30.732119,78.375,12364,0.17151171
0.8877425491809845,0.0,0.18975359,0.0043379455,16260.264652252197,3.6019591656895456,13,726985,30.72748,79.85,12377,0.18975359
0.8420297354459763,0.0,0.17883104,0.00422433,16282.837896823883,3.6393918685648634,12,728009,30.721975,82.2,12389,0.17883104
